==> Renomeando consolidados atuais para *_old.md ...
    AEP_Consolidado.md -> AEP_Consolidado_old.md
    AJOB2C_Consolidado.md -> AJOB2C_Consolidado_old.md
    Agents_Consolidado.md -> Agents_Consolidado_old.md
    CJA_Consolidado.md -> CJA_Consolidado_old.md
    Target_Consolidado.md -> Target_Consolidado_old.md
==> Executando AEP (AEPRTCDP_crawler.py) ...
==> Executando AJO B2C (ajo_phase_1_crawler_rfp_flat.py) ...
==> Executando CJA (cja_crawler_v4.py) ...
==> Executando Target (target_crawler.py) ...
==> Executando Agents (experience_cloud_ai_crawler.py) ...
==> Gerando consolidados ...
    Gerado: AEP_Consolidado.md
    Gerado: Agents_Consolidado.md
    Gerado: AJOB2C_Consolidado.md
    Gerado: CJA_Consolidado.md
    Gerado: Target_Consolidado.md
==> Gerando README.md combinado em consolidados ...
    Gerado: README.md
==> Gerando manifest.json combinado em consolidados ...
    Gerado: manifest.json (2304 entradas)
==> Removendo arquivos individuais das pastas de origem ...

============================================================
 RESUMO DAS DIFERENCAS (novo vs *_old.md)
============================================================

### AEP_Consolidado.md
    Linhas: 113365 -> 115629 (delta 2264)
    Bytes : 5797606 -> 5816895 (delta 19289)
    Linhas adicionadas: 3382 | removidas: 1118
    Arquivos novos/alterados presentes no consolidado novo:
        + accelerated-queries-endpoint.md
        + access-control-api-guide.md
        + access-control-overview.md
        + access-control-troubleshooting-guide.md
        + accessibility-in-adobe-experience-platform.md
        + account-profile-ui-guide.md
        + account-profiles-dashboard.md
        + activate-audiences-on-demand-to-batch-destinations-via-the-ad-hoc-activation-api.md
        + activate-audiences-to-file-based-destinations-by-using-the-flow-service-api.md
        + ad-hoc-schemas.md
        + add-data-to-real-time-customer-profile.md
        + adobe-ai-machine-learning-api-guide-appendix.md
        + adobe-ai-machine-learning-api-guide.md
        + adobe-experience-platform-assurance.md
        + adobe-experience-platform-debugger-overview.md
        + adobe-experience-platform-end-to-end-example-workflow.md
        + adobe-experience-platform-identity-service.md
        + adobe-experience-platform-overview.md
        + adobe-experience-platform-ui-guide.md
        + adobe-real-time-cdp-documentation-rtcdp-documentation.md
        + advanced-data-lifecycle-management-in-adobe-experience-platform.md
        + ai-assistant-legacy-in-adobe-experience-platform.md
        + ai-assistant-ui-guide-legacy.md
        + alert-subscriptions-endpoint.md
        + app-configurations-endpoint.md
        + attribute-based-access-control-end-to-end-guide.md
        + attribution-ai-ui-guide.md
        + audiences-dashboard-audiences-dashboard.md
        + audiences-endpoint.md
        + audit-events-endpoint.md
        + audit-log-endpoint.md
        + authenticate-and-access-experience-platform-apis.md
        + authenticate-and-access-the-privacy-service-api.md
        + authenticate-and-access-the-reactor-api.md
        + available-sandboxes-endpoint.md
        + batch-ingestion-developer-guide.md
        + behaviors-endpoint.md
        + builds-endpoint.md
        + callbacks-endpoint.md
        + catalog-service-api-guide-appendix.md
        + catalog-service-api-guide.md
        + catalog-service-overview.md
        + classes-endpoint.md
        + companies-endpoint.md
        + computed-attributes-api-endpoint.md
        + configure-a-customer-ai-instance.md
        + configure-a-dataflow-to-ingest-batch-data-from-a-cloud-storage-source-in-the-ui.md
        + configure-a-dataset-for-profile-using-apis.md
        + configure-a-file-based-destination-to-export-prospect-audiences-to-a-storage-location.md
        + configure-an-amazon-s3-destination-with-predefined-file-formatting-options-and-custom-file-name-configuration.md
        + configure-file-formatting-options-for-file-based-destinations.md
        + connect-adobe-analytics-to-experience-platform.md
        + connect-amazon-s3-to-experience-platform-using-the-flow-service-api.md
        + connect-aws-redshift-to-experience-platform-using-the-flow-service-api.md
        + connect-aws-redshift-to-experience-platform-using-the-ui.md
        + connect-azure-blob-storage-to-experience-platform-using-the-api.md
        + connect-azure-blob-storage-to-experience-platform-using-the-ui.md
        + connect-azure-synapse-analytics-to-experience-platform-using-the-flow-service-api.md
        + connect-bombora-intent-to-experience-platform-using-the-ui.md
        + connect-capillary-streaming-events-to-experience-platform-using-the-ui.md
        + connect-data-landing-zone-to-adobe-experience-platform-using-the-flow-service-api.md
        + connect-data-landing-zone-to-experience-platform-using-the-ui.md
        + connect-databricks-to-experience-platform-in-the-ui.md
        + connect-databricks-to-experience-platform-using-the-flow-service-api.md
        + connect-demandbase-intent-to-experience-platform-using-the-ui.md
        + connect-didomi-to-experience-platform.md
        + connect-google-ads-to-experience-platform-using-the-flow-service-api.md
        + connect-google-ads-to-experience-platform-using-the-ui.md
        + connect-google-bigquery-to-experience-platform-using-the-flow-service-api.md
        + connect-google-bigquery-to-experience-platform-using-the-ui.md
        + connect-mariadb-to-experience-platform-using-the-flow-service-api.md
        + connect-mariadb-to-experience-platform-using-the-ui.md
        + connect-microsoft-dynamics-to-experience-platform-using-the-flow-service-api.md
        + connect-mysql-to-experience-platform-using-the-flow-service-api.md
        + connect-mysql-to-experience-platform-using-the-ui.md
        + connect-oracle-db-to-experience-platform-using-the-flow-service-api.md
        + connect-oracle-db-to-experience-platform-using-the-ui.md
        + connect-oracle-eloqua-v2-to-experience-platform-in-the-ui.md
        + connect-postgresql-to-experience-platform-using-the-flow-service-api.md
        + connect-postgresql-to-experience-platform-using-the-ui.md
        + connect-relay-to-experience-platform-in-the-ui.md
        + connect-salesforce-marketing-cloud-to-experience-platform-using-the-flow-service-api.md
        + connect-salesforce-marketing-cloud-to-experience-platform.md
        + connect-salesforce-to-experience-platform-using-the-flow-service-api.md
        + connect-snowflake-to-experience-platform-using-the-flow-service-api.md
        + connect-snowflake-to-experience-platform-using-the-ui.md
        + connect-to-file-based-email-marketing-destinations-and-activate-data-using-the-flow-service-api.md
        + connect-to-streaming-destinations-and-activate-data-using-the-flow-service-api.md
        + connect-your-pathfactory-account-to-experience-platform-through-the-ui.md
        + connect-your-rainfocus-account-to-experience-platform-using-the-ui.md
        + connect-your-salesforce-account-to-experience-platform-using-the-ui.md
        + connect-your-salesforce-marketing-cloud-account-to-experience-platform-through-the-ui.md
        + connect-your-salesforce-service-cloud-account-to-experience-platform-using-the-ui.md
        + connection-parameters-endpoint.md
        + consent-endpoint.md
        + consent-policy-rule-building-reference.md
        + create-a-amazon-s3-source-connection-in-the-ui.md
        + create-a-braze-currents-source-connection-in-the-ui.md
        + create-a-chatlio-source-connection-in-the-ui.md
        + create-a-custom-namespace-in-the-identity-service-api.md
        + create-a-customer-attributes-source-connection-in-the-ui.md
        + create-a-customerio-source-connection-and-dataflow-in-the-ui.md
        + create-a-dataflow-for-a-onetrust-integration-source-using-the-flow-service-api.md
        + create-a-dataflow-for-a-payments-source-in-the-ui.md
        + create-a-dataflow-for-advertising-sources-using-the-flow-service-api.md
        + create-a-dataflow-for-cloud-storage-sources-using-the-flow-service-api.md
        + create-a-dataflow-for-customer-success-sources-using-the-flow-service-api.md
        + create-a-dataflow-for-database-sources-using-the-flow-service-api.md
        + create-a-dataflow-for-e-commerce-sources-using-the-flow-service-api.md
        + create-a-dataflow-for-mailchimp-campaign-using-the-flow-service-api.md
        + create-a-dataflow-for-mailchimp-members-using-the-flow-service-api.md
        + create-a-dataflow-for-marketing-automation-sources-using-the-flow-service-api.md
        + create-a-dataflow-for-payments-sources-using-the-flow-service-api.md
        + create-a-dataflow-for-protocols-sources-using-the-flow-service-api.md
        + create-a-dataflow-for-zendesk-using-the-flow-service-api.md
        + create-a-dataflow-to-ingest-data-from-a-crm-into-experience-platform.md
        + create-a-dataflow-using-a-consent-and-preferences-source-in-the-ui.md
        + create-a-dataflow-using-a-crm-source-in-the-ui.md
        + create-a-dataflow-using-a-customer-success-source-in-the-ui.md
        + create-a-dataflow-using-a-database-source-in-the-ui.md
        + create-a-dataflow-using-a-marketing-automation-source-in-the-ui.md
        + create-a-dataflow-using-a-protocols-source-in-the-ui.md
        + create-a-dataflow-using-an-advertising-source-in-the-ui.md
        + create-a-dataflow-using-an-analytics-source-in-the-ui.md
        + create-a-dataflow-using-an-e-commerce-source-in-the-ui.md
        + create-a-dataset-for-exporting-an-audience.md
        + create-a-dataset-in-the-api.md
        + create-a-generic-odata-base-connection-using-the-flow-service-api.md
        + create-a-generic-odata-source-connection-in-the-ui.md
        + create-a-generic-rest-api-base-connection-using-the-flow-service-api.md
        + create-a-google-cloud-storage-base-connection-using-the-flow-service-api.md
        + create-a-google-cloud-storage-source-connection-in-the-ui.md
        + create-a-google-pubsub-source-connection-in-the-ui.md
        + create-a-google-pubsub-source-connection-using-the-flow-service-api.md
        + create-a-greenplum-base-connection-using-the-flow-service-api.md
        + create-a-greenplum-source-connection-in-the-ui.md
        + create-a-hubspot-base-connection-using-the-flow-service-api.md
        + create-a-hubspot-source-connection-in-the-ui.md
        + create-a-local-file-upload-source-connector-in-the-ui.md
        + create-a-mailchimp-campaigns-source-connection-using-experience-platform-ui.md
        + create-a-mailchimp-members-source-connection-using-experience-platform-ui.md
        + create-a-marketo-engage-source-connection-and-dataflow-for-custom-activity-data-in-the-ui.md
        + create-a-marketo-engage-source-connection-and-dataflow-in-the-ui.md
        + create-a-merkury-enterprise-identity-resolution-source-connection-and-dataflow-in-the-ui.md
        + create-a-microsoft-dynamics-source-connection-in-the-ui.md
        + create-a-microsoft-sql-server-base-connection-using-the-flow-service-api.md
        + create-a-microsoft-sql-server-source-connection-in-the-ui.md
        + create-a-mixpanel-source-connection-in-the-ui.md
        + create-a-onetrust-integration-source-connection-in-the-ui.md
        + create-a-oracle-netsuite-activities-source-connection-in-the-ui.md
        + create-a-oracle-netsuite-entities-source-connection-in-the-ui.md
        + create-a-pathfactory-base-connection-using-the-flow-service-api.md
        + create-a-pendo-source-connection-dataflow-and-in-the-ui.md
        + create-a-salesforce-service-cloud-source-connection-using-the-flow-service-api.md
        + create-a-sap-commerce-source-connection-in-the-ui.md
        + create-a-schema-using-the-schema-editor.md
        + create-a-schema-using-the-schema-registry-api.md
        + create-a-segment-definition-using-the-segmentation-service-api.md
        + create-a-servicenow-base-connection-using-the-flow-service-api.md
        + create-a-servicenow-source-connection-in-the-ui.md
        + create-a-shopify-base-connection-using-the-flow-service-api.md
        + create-a-shopify-source-connection-in-the-ui.md
        + create-a-source-connection-and-dataflow-for-chatlio-using-the-flow-service-api.md
        + create-a-source-connection-and-dataflow-for-customerio-using-the-flow-service-api.md
        + create-a-source-connection-and-dataflow-for-mixpanel-using-the-flow-service-api.md
        + create-a-source-connection-and-dataflow-for-oracle-netsuite-activities-using-the-flow-service-api.md
        + create-a-source-connection-and-dataflow-for-oracle-netsuite-entities-using-the-flow-service-api.md
        + create-a-source-connection-and-dataflow-for-pendo-using-the-flow-service-api.md
        + create-a-source-connection-and-dataflow-for-sap-commerce-using-the-flow-service-api.md
        + create-a-source-connection-and-dataflow-for-shopify-streaming-data-using-the-ui.md
        + create-a-source-connection-and-dataflow-for-sugarcrm-accounts-contacts-using-the-flow-service-api.md
        + create-a-source-connection-and-dataflow-to-stream-lava-data-using-the-flow-service-api.md
        + create-a-source-connection-and-dataflow-to-stream-lava-data-using-the-ui.md
        + create-a-sources-dataflow-using-templates-in-the-ui-create-a-sources-dataflow-using-templates-in-the-ui.md
        + create-a-square-base-connection-using-the-flow-service-api.md
        + create-a-square-source-connection-in-the-ui.md
        + create-a-streaming-connection-using-the-ui.md
        + create-a-streaming-dataflow-for-a-cloud-storage-source-in-the-ui.md
        + create-a-streaming-dataflow-for-raw-data-using-the-flow-service-api.md
        + create-a-streaming-source-connection-and-dataflow-for-shopify-data-using-the-flow-service-api.md
        + create-a-sugarcrm-accounts-contacts-source-connection-in-the-ui.md
        + create-a-sugarcrm-events-source-connection-in-the-ui.md
        + create-a-teradata-vantage-base-connection-using-the-flow-service-api.md
        + create-a-teradata-vantage-source-connection-in-the-ui.md
        + create-a-veeva-crm-base-connection-using-the-flow-service-api.md
        + create-a-veeva-crm-source-connection-in-the-ui.md
        + create-a-zendesk-source-connection-in-the-ui.md
        + create-an-acxiom-data-ingestion-source-connection-and-dataflow-in-the-ui.md
        + create-an-acxiom-prospecting-data-import-source-connection-and-dataflow-in-the-ui.md
        + create-an-ad-hoc-schema.md
        + create-an-adobe-analytics-source-connection-for-classifications-data-in-the-ui.md
        + create-an-adobe-audience-manager-source-connection-in-the-ui.md
        + create-an-adobe-campaign-managed-cloud-services-source-connection-using-experience-platform-ui.md
        + create-an-amazon-kinesis-source-connection-in-the-ui.md
        + create-an-amazon-kinesis-source-connection-using-the-flow-service-api.md
        + create-an-apache-hdfs-base-connection-using-the-flow-service-api.md
        + create-an-apache-hdfs-source-connection-in-the-ui.md
        + create-an-apache-hive-on-azure-hdinsights-base-connection-using-the-flow-service-api.md
        + create-an-apache-hive-on-azure-hdinsights-source-connection-in-the-ui.md
        + create-an-apache-spark-on-azure-hdinsights-base-connection-using-the-flow-service-api.md
        + create-an-apache-spark-on-azure-hdinsights-source-connection-in-the-ui.md
        + create-an-authenticated-streaming-connection.md
        + create-an-azure-azure-data-explorer-base-connection-using-the-flow-service-api.md
        + create-an-azure-data-explorer-source-connection-in-the-ui.md
        + create-an-azure-data-lake-storage-gen2-base-connection-using-the-flow-service-api.md
        + create-an-azure-data-lake-storage-gen2-source-connection-in-the-ui.md
        + create-an-azure-event-hubs-source-connection-in-the-ui.md
        + create-an-azure-event-hubs-source-connection-using-the-flow-service-api.md
        + create-an-azure-file-storage-base-connection-using-the-flow-service-api.md
        + create-an-azure-file-storage-source-connection-in-the-ui.md
        + create-an-azure-synapse-analytics-source-connection-in-the-ui.md
        + create-an-azure-table-storage-base-connection-using-the-flow-service-api.md
        + create-an-azure-table-storage-source-connection-in-the-ui.md
        + create-an-ftp-base-connection-using-the-flow-service-api.md
        + create-an-ftp-source-connection-in-the-ui.md
        + create-an-hp-vertica-base-connection-using-the-flow-service-api.md
        + create-an-hp-vertica-source-connection-in-the-ui.md
        + create-an-http-api-streaming-connection-using-the-flow-service-api.md
        + create-an-http-api-streaming-connection-using-the-ui.md
        + create-an-ibm-db2-source-connection-in-the-ui.md
        + create-an-ibm-ibm-db2-base-connection-using-the-flow-service-api.md
        + create-an-oracle-eloqua-base-connection-using-the-flow-service-api.md
        + create-an-oracle-eloqua-source-connection-using-experience-platform-ui.md
        + create-an-oracle-object-storage-base-connection-using-the-flow-service-api.md
        + create-an-oracle-object-storage-source-connection-in-the-ui.md
        + create-an-sftp-base-connection-using-the-flow-service-api.md
        + create-an-sftp-source-connection-in-the-ui.md
        + create-customer-segments-with-predicted-scores.md
        + create-drafts-of-your-flow-service-entities-using-the-api.md
        + creating-a-streaming-connection-using-the-api.md
        + csv-template-to-schema-conversion-api-endpoint.md
        + dashboards-overview-dashboards.md
        + data-access-api-guide.md
        + data-access-overview.md
        + data-collection-overview-2.md
        + data-collection-overview.md
        + data-elements-endpoint.md
        + data-governance-overview-data-governance-overview.md
        + data-governance-policies-endpoint.md
        + data-hygiene-api-guide.md
        + data-ingestion-overview.md
        + data-prep-overview.md
        + data-science-workspace-overview.md
        + data-science-workspace-troubleshooting-guide.md
        + data-types-endpoint.md
        + data-usage-labels-glossary-data-usage-labels-glossary.md
        + dataflows-overview.md
        + dataset-expiration-endpoint.md
        + datasets-ui-guide.md
        + define-a-many-to-one-relationship-between-two-schemas-in-real-time-customer-data-platform-b2b-edition-relationship-b2b.md
        + define-a-one-to-one-relationship-between-two-schemas-using-the-schema-editor-relationship-ui.md
        + define-a-relationship-between-two-schemas-using-the-schema-registry-api.md
        + define-xdm-fields-in-the-schema-registry-api.md
        + delegate-descriptor-ids.md
        + delete-a-dataflow-using-the-flow-service-api.md
        + delete-a-destination-account-using-the-flow-service-api.md
        + delete-a-destination-dataflow-using-the-flow-service-api.md
        + delete-an-account-using-the-flow-service-api.md
        + delete-dataflows-in-the-ui.md
        + delete-source-connection-accounts.md
        + deprecate-an-xdm-field-in-the-api.md
        + deprecate-an-xdm-field-in-the-ui.md
        + descriptors-endpoint.md
        + destinations-dashboard.md
        + destinations-overview-overview.md
        + developing-etl-integrations-for-adobe-experience-platform.md
        + discover-insights-with-customer-ai.md
        + download-scores-in-customer-ai.md
        + draft-dataflows-in-the-ui.md
        + edit-destination-connections-using-the-flow-service-api.md
        + effective-policies-endpoint.md
        + enable-change-data-capture-for-source-connections-in-the-api.md
        + encrypted-data-ingestion.md
        + encrypting-values.md
        + enforce-data-usage-compliance-for-a-segment-definition-using-apis.md
        + enforce-data-usage-policies-using-the-policy-service-api.md
        + engines-endpoint.md
        + entities-endpoint-profile-access.md
        + environments-endpoint.md
        + evaluate-and-access-segment-definition-results.md
        + event-forwarding-guided-setup-overview.md
        + experience-platform-api-fundamentals.md
        + experiments-endpoint.md
        + explore-a-payment-system-using-the-flow-service-api.md
        + explore-data-tables-using-the-flow-service-api.md
        + explore-your-cloud-storage-folders-using-the-flow-service-api.md
        + export-datasets-by-using-the-flow-service-api.md
        + export-endpoint.md
        + extension-packages-endpoint.md
        + extensions-endpoint.md
        + external-audiences-endpoint.md
        + filter-catalog-data-using-query-parameters.md
        + filter-row-level-data-for-a-source-using-the-flow-service-api.md
        + filter-sources-objects-in-the-ui.md
        + filtering-responses-in-the-reactor-api.md
        + functions-endpoints.md
        + generate-the-dataset-overlap-report.md
        + get-the-cluster-history-of-an-identity.md
        + get-the-native-id-for-an-identity.md
        + getting-started-with-adobe-experience-platform-apis.md
        + getting-started-with-real-time-customer-data-platform-b2b-edition.md
        + getting-started-with-the-data-prep-api-getting-started.md
        + getting-started-with-the-observability-insights-api.md
        + getting-started-with-the-policy-service-api.md
        + getting-started-with-the-real-time-customer-profile-api-getting-started.md
        + getting-started-with-the-sandbox-api.md
        + getting-started-with-the-schema-registry-api.md
        + getting-started-with-the-segmentation-service-api-getting-started.md
        + honoring-consent-in-segment-definitions.md
        + hosts-endpoint.md
        + identity-service-api-guide.md
        + identity-service-troubleshooting-guide.md
        + implementation-guide-for-identity-graph-linking-rules.md
        + implementing-the-adobe-experience-platform-assurance-extension.md
        + import-endpoint.md
        + ingest-algolia-user-profiles-data-into-experience-platform-using-the-ui.md
        + ingest-batch-data-from-talonone-into-experience-platform-using-the-ui.md
        + ingest-data-into-adobe-experience-platform.md
        + ingest-payments-data-from-your-stripe-account-to-experience-platform-using-apis.md
        + ingest-payments-data-from-your-stripe-account-to-experience-platform-using-the-user-interface.md
        + insights-endpoint.md
        + intelligent-services-overview-intelligent-services-overview.md
        + labels-endpoint.md
        + libraries-endpoint.md
        + license-usage-dashboard-license-usage-dashboard.md
        + list-all-identities-in-a-cluster.md
        + list-available-identity-namespaces.md
        + list-catalog-objects.md
        + list-identity-mappings.md
        + look-up-a-catalog-object.md
        + manage-data-usage-labels-for-a-schema.md
        + manage-data-usage-labels-in-the-ui-user-guide.md
        + manage-data-usage-policies-in-the-ui-user-guide.md
        + manage-experience-event-dataset-retention-in-the-data-lake-using-ttl.md
        + manage-privacy-jobs-in-the-privacy-service-ui-user-guide.md
        + manage-suggested-values-in-the-api.md
        + map-a-csv-file-to-an-existing-xdm-schema.md
        + map-a-csv-file-to-an-xdm-schema-using-ai-generated-recommendations.md
        + map-a-csv-file-to-an-xdm-schema.md
        + mapping-service-api-guide.md
        + mapping-sets-endpoint.md
        + marketing-actions-endpoint.md
        + merge-policies-ui-guide.md
        + metrics-endpoint.md
        + mlinstances-endpoint.md
        + mlservices-endpoint.md
        + models-endpoint.md
        + monitor-dataflows-for-streaming-sources-in-the-ui.md
        + monitor-dataflows-in-the-ui.md
        + monitor-dataflows-using-the-flow-service-api.md
        + monitor-sources-dataflows-using-the-flow-service-api.md
        + multi-entity-segmentation-overview.md
        + observability-insights-api-guide.md
        + observability-insights-overview.md
        + on-demand-ingestion-for-sources-dataflows-in-the-ui.md
        + policy-evaluation-endpoints.md
        + policy-service-api-guide.md
        + preview-sample-status-endpoint-profile-preview.md
        + previews-and-estimates-endpoints.md
        + privacy-jobs-endpoint.md
        + privacy-service-api-guide-appendix.md
        + privacy-service-api-guide.md
        + privacy-service-overview.md
        + privacy-service-troubleshooting-guide.md
        + private-link-support-for-sources-in-the-ui.md
        + profile-endpoint.md
        + profile-export-jobs-endpoint.md
        + profile-system-jobs-endpoint-delete-requests.md
        + profiles-dashboard.md
        + properties-endpoint.md
        + queries-endpoint.md
        + query-editor-ui-guide.md
        + query-service-and-data-distiller-frequently-asked-questions.md
        + query-service-api-guide.md
        + query-service-audit-log-integration.md
        + query-service-overview.md
        + query-templates-endpoint.md
        + quota-endpoint.md
        + reactor-api-guide.md
        + real-time-customer-profile-api-guide.md
        + real-time-customer-profile-overview.md
        + real-time-customer-profile-ui-guide.md
        + record-delete-work-orders-work-order-endpoint.md
        + reference-endpoint.md
        + relationships-in-the-reactor-api.md
        + repair-data-element-references-repair-data-element-references.md
        + rule-components-endpoint.md
        + rules-endpoint.md
        + sample-data-endpoint.md
        + sandbox-api-guide-appendix.md
        + sandbox-api-guide.md
        + sandbox-management-endpoint.md
        + sandbox-types-endpoint.md
        + sandbox-ui-guide.md
        + sandboxes-overview.md
        + sandboxes-troubleshooting-guide.md
        + scheduled-query-runs-endpoint.md
        + schedules-endpoint-2.md
        + schedules-endpoint.md
        + schema-field-groups-endpoint.md
        + schema-registry-api-guide-appendix.md
        + schema-registry-api-guide.md
        + schemas-endpoint.md
        + search-endpoint.md
        + searching-resources-in-the-reactor-api.md
        + secrets-endpoint.md
        + secrets-in-the-reactor-api.md
        + segment-definitions-endpoint.md
        + segment-export-jobs-endpoint.md
        + segment-jobs-endpoint.md
        + segment-search-endpoint.md
        + segmentation-service-api-guide.md
        + segmentation-service-overview.md
        + self-serve-sources-batch-sdk-api-guide.md
        + send-multiple-messages-in-a-single-http-request.md
        + source-connectors-overview.md
        + stream-data-from-your-snowflake-database-to-experience-platform-using-the-ui.md
        + stream-record-data-using-streaming-ingestion-apis.md
        + stream-snowflake-data-to-experience-platform-using-the-flow-service-api.md
        + stream-talonone-data-to-experience-platform-using-the-ui.md
        + stream-time-series-data-using-streaming-ingestion-apis.md
        + submit-a-productized-destination-for-review.md
        + subscribe-to-alerts-for-sources-dataflows-in-the-ui.md
        + tags-overview.md
        + unions-endpoint.md
        + update-account-details-in-the-ui.md
        + update-accounts-using-the-flow-service-api.md
        + update-dataflows-in-the-ui.md
        + update-dataflows-using-the-flow-service-api.md
        + update-destination-dataflows-using-the-flow-service-api.md
        + use-destination-sdk-to-configure-a-file-based-destination.md
        + use-destination-sdk-to-configure-a-streaming-destination.md
        + using-adobe-experience-platform-assurance.md
        + view-dataset-data-using-data-access-api.md
        + xdm-system-overview.md
        + xdm-system-troubleshooting-guide.md

### Agents_Consolidado.md
    Linhas: 2329 -> 2370 (delta 41)
    Bytes : 143892 -> 141276 (delta -2616)
    Linhas adicionadas: 171 | removidas: 130
    Arquivos novos/alterados presentes no consolidado novo:
        + adobe-experience-platform-agent-orchestrator-a589b105.md
        + adobe-marketing-agent-for-microsoft-365-copilot-28add5c2.md
        + ai-assistant-a63c275e.md
        + ai-assistant-prompt-library-7ea238db.md
        + audience-agent-1970cf91.md
        + experimentation-agent-9ecc71c8.md
        + field-discovery-agent-af866654.md
        + journey-agent-overview-and-user-guide-b7af047d.md
        + legal-disclaimer-personal-data-language-support-and-verifying-responses-5fc97ff7.md
        + product-support-agent-2a9e6a4c.md
        + real-time-cdp-mcp-beta-rtcdp-mcp-bf707ef3.md
        + visualize-data-with-data-insights-agent-4b07cf3c.md

### AJOB2C_Consolidado.md
    Linhas: 101532 -> 112458 (delta 10926)
    Bytes : 6181703 -> 6495906 (delta 314203)
    Linhas adicionadas: 14775 | removidas: 3849
    Arquivos novos/alterados presentes no consolidado novo:
        + ab-vs-multi-armed-bandit-experiments-mab-vs-ab.md
        + about-experienceevent-schemas-for-journey-optimizer-events-about-experienceevent-schemas.md
        + about-legacy-fields-sharing-legacy-fields.md
        + about-orchestrated-campaign-activities-orchestrated-campaign-activities.md
        + access-and-manage-content-templates-access-manage-templates.md
        + access-and-subscribe-to-system-alerts-alerts.md
        + access-control-section-overview.md
        + access-events-xdm-fields-decisioningevents-xdm-schema.md
        + access-manage-campaigns-manage-campaigns.md
        + access-manage-challenges-and-tasks-access-loyalty-challenges.md
        + access-management.md
        + access-the-exported-offer-catalog-access-exported-catalog.md
        + accessibility-in-journey-optimizer-accessibility.md
        + account-audience-journey-nodes.md
        + account-audiences.md
        + account-details.md
        + account-lists.md
        + action-configuration-section-overview.md
        + activate-high-throughput-mode-for-api-triggered-campaigns-high-throughput.md
        + activate-marketo-engage-connections-to-support-actions.md
        + activities-section-overview.md
        + add-a-cc-field-to-emails-cc-email-field.md
        + add-a-google-txt-record-to-a-subdomain-google-txt-record.md
        + add-an-email-to-your-journey.md
        + add-constraints-to-an-offer-add-constraints.md
        + add-custom-css-for-your-content.md
        + add-custom-css-to-your-email-content-email-metadata.md
        + add-form-fields-to-code-based-experience-channel-templates.md
        + add-inline-styling-attributes-inline-styling.md
        + add-language-providers-multilingual-provider.md
        + add-links-track-messages-tracking.md
        + add-metadata-to-your-email-content-email-metadata.md
        + add-personalization-build-personalization-expressions.md
        + add-personalization-in-orchestrated-campaigns-add-personalization.md
        + add-personalized-offers-deliver-personalized-offers.md
        + add-representations-to-an-offer-add-representations.md
        + add-visual-fragments-to-your-emails-use-visual-fragments.md
        + additional-steps-to-send-events-additional-steps-to-send-events.md
        + adjust-vertical-alignment-padding-alignment-and-padding.md
        + adobe-campaign-standard-actions-using-campaign-action.md
        + adobe-campaign-v7v8-actions-using-campaign-v7-v8.md
        + adobe-experience-platform-data-source-adobe-experience-platform-data-source.md
        + adobe-journey-optimizer-b2b-edition-documentation.md
        + adobe-journey-optimizer-documentation-section-overview.md
        + adobe-journey-optimizer-documentation.md
        + adobe-target-external-audiences.md
        + advanced-expression-editor-syntax-syntax.md
        + advanced-html-mode-for-email-template-design.md
        + aggregation-functions-aggregation-functions.md
        + aggregation-functions-aggregation.md
        + ai-assistant-for-content-generation-overview.md
        + ai-assistant-for-content-generation-section-overview.md
        + ai-assistant-for-email-content.md
        + ai-assistant-for-landing-page-content-generative-full-content.md
        + ai-assistant-for-personalization-expressions-generative-personalization-expressions.md
        + ai-assistant-in-journey-optimizer-b2b-edition.md
        + ai-assistant-prompt-best-practices-ai-assistant-prompting-guide.md
        + ai-assistant-use-cases-generative-uc.md
        + ai-assistant.md
        + ai-intelligent-features-ai-features.md
        + ai-models-section-overview-2.md
        + ai-models-section-overview.md
        + ajo-message-export-schema-ajo-message-export-schema.md
        + all-time-report-section-overview.md
        + analyze-and-build-journeys-with-the-journey-agent.md
        + analyze-your-journeys-overall-performance-with-all-time-reports.md
        + and-join-join.md
        + api-reference-section-overview-2.md
        + api-reference-section-overview.md
        + apply-themes-to-your-email-content-apply-email-themes.md
        + approve-journeys-campaigns-section-overview.md
        + arithmetic-functions-maths.md
        + arrays-and-list-functions-arrays.md
        + assets.md
        + assign-priority-scores-priority.md
        + assign-priority-scores-to-inbound-actions.md
        + attach-a-pdf-file-to-an-email-pdf-attachments.md
        + attribute-based-access-control-attribute-based-access.md
        + audience-activation-in-journey-optimizer-segments-in-journey-optimizer.md
        + audience-agent-b2b.md
        + audience-qualification-events-segment-qualification.md
        + audiences-profiles-identity-section-overview.md
        + audiences-section-overview.md
        + audit-actions-on-journey-optimizer-resources-track-changes.md
        + author-an-in-app-message.md
        + author-an-mms-message.md
        + author-from-a-governed-template.md
        + author-single-page-applications-web-author-spas.md
        + author-web-pages-section-overview.md
        + auto-optimization-models-auto-optimization-model-2.md
        + auto-optimization-models-auto-optimization-model.md
        + b2b-namespaces-and-schemas.md
        + batch-decisioning-deliver.md
        + batch-decisioning-in-direct-mail-batch-decisioning-direct-mail.md
        + benefits-of-migrating-to-decisioning-migrate-to-decisioning.md
        + best-practices-for-sms-cost-optimization-sms-cost-optimization.md
        + brand-alignment-brands-score.md
        + brands-section-overview.md
        + browse-filter-your-journeys-browse-journeys.md
        + build-ai-models-create-ai-models.md
        + build-and-publish-a-journey.md
        + build-audience-build-audience.md
        + build-expressions-section-overview.md
        + build-rules-rules.md
        + build-segment-definitions-build-segments.md
        + build-your-first-rule-build-query.md
        + building-retargeting-queries-retarget.md
        + built-in-permissions-ootb-permissions.md
        + built-in-roles-ootb-product-profiles.md
        + buying-group-details.md
        + buying-group-filters-in-marketo-engage.md
        + buying-group-role-templates.md
        + buying-group-stages-2.md
        + buying-group-stages.md
        + buying-groups-overview-dashboard.md
        + buying-groups-overview.md
        + buying-groups.md
        + campaign-live-report-campaign-live-report.md
        + campaign-report-campaign-global-report-cja.md
        + campaign-reports-section-overview.md
        + change-dimension-change-dimension.md
        + channel-activities-channel.md
        + channel-configuration-section-overview.md
        + channel-level-reports.md
        + channel-messaging-consent.md
        + check-and-send-your-line-message-send-line.md
        + check-and-send-your-whatsapp-messages-send-whatsapp.md
        + check-send-a-direct-mail-message-direct-mail-test-send.md
        + check-send-your-in-app-notification-create-in-app.md
        + check-send-your-mobile-message-send-sms-2.md
        + check-send-your-mobile-message-send-sms.md
        + check-send-your-push-notification-send-push.md
        + classify-data-using-labels.md
        + code-based-campaign-report-campaign-global-report-cja-code.md
        + code-based-experience-overview.md
        + code-based-experience-prerequisites-code-based-prerequisites.md
        + code-based-experience-section-overview.md
        + code-based-experience-surfaces-code-based-surface.md
        + code-based-implementation-methods-samples-implementation-samples.md
        + code-based-journey-report-journey-global-report.md
        + code-your-own-content-code-content.md
        + collect-event-data-section-overview.md
        + collection-management-functions-collection-management-functions.md
        + collections-collections.md
        + combine-combine.md
        + combine-solutions-and-apps-to-manage-your-content-combine-solutions.md
        + combine-targeting-and-experimentation-combination.md
        + completeness-scores-completeness-scores.md
        + comply-with-new-dmarc-requirement-dmarc-record-update.md
        + conditional-content.md
        + conditional-instruction-if-then-else-conditional-instruction.md
        + conditions-conditions.md
        + configure-a-business-event-configure-a-business-event.md
        + configure-a-custom-action-configure-a-custom-action.md
        + configure-a-custom-provider-sms-configuration-custom-2.md
        + configure-a-custom-provider-sms-configuration-custom.md
        + configure-a-custom-sms-provider.md
        + configure-a-data-source-configure-data-source.md
        + configure-a-targeting-dimension-configuration.md
        + configure-a-training-sandbox-introduction-and-prerequisites.md
        + configure-a-unitary-event-configure-an-event.md
        + configure-adobe-experience-manager-repository-access-aem-admin-settings.md
        + configure-an-email-channel.md
        + configure-and-launch.md
        + configure-and-send-a-push-campaign.md
        + configure-and-track-your-journey-metrics-success-metrics.md
        + configure-author-and-deliver-sms-messages.md
        + configure-branding-domains.md
        + configure-channels.md
        + configure-code-based-channel-section-overview.md
        + configure-content-card-channel-section-overview.md
        + configure-content-cards-content-card-configuration.md
        + configure-content-cards-support-in-mobile-sdk-content-card-lp.md
        + configure-content-cards-support-in-web-sdk-content-card-configuration-sdk.md
        + configure-content-experiments-for-emails.md
        + configure-content-experiments-for-in-app-messages.md
        + configure-custom-engagement-score-weighting.md
        + configure-data-collection-schema-requirements-2.md
        + configure-data-collection-schema-requirements.md
        + configure-data-sources.md
        + configure-email-channel-section-overview.md
        + configure-email-settings-email-settings.md
        + configure-events.md
        + configure-experience-manager-asset-repositories.md
        + configure-inbox-inbox-configuration.md
        + configure-infobip-provider-sms-configuration-infobip.md
        + configure-landing-page-subdomains-lp-subdomains.md
        + configure-landing-pages-section-overview.md
        + configure-line-channel-in-journey-optimizer-line-configuration.md
        + configure-loyalty-challenges-loyalty-admin.md
        + configure-mms-api-credentials-and-channel-surfaces.md
        + configure-mobile-app-push-notification-channel-push-notification-configuration.md
        + configure-offers-section-overview.md
        + configure-offers-selection-in-decisions-offers-selection-in-decisions.md
        + configure-sinch-provider-sms-configuration-sinch.md
        + configure-sms-api-credentials-and-channel-surfaces.md
        + configure-sms-subdomains-sms-mms-subdomains.md
        + configure-the-api-triggered-campaign-action-api-action.md
        + configure-the-campaign-action-action-campaign-action.md
        + configure-the-item-catalog-catalog.md
        + configure-twilio-provider-sms-configuration-twilio.md
        + configure-web-channel-section-overview.md
        + configure-web-push-notification-channel-push-notification-configuration.md
        + configure-web-subdomains-web-subdomains.md
        + configure-your-channel-configuration-channel-configuration.md
        + configure-your-code-based-experience-code-based-configuration.md
        + configure-your-web-experiences-web-configuration.md
        + conflict-management-prioritization-conflict-prioritization.md
        + connect-your-systems-and-environments-section-overview.md
        + content-card-campaign-report-campaign-global-report-cja-content.md
        + content-card-journey-report-journey-global-report.md
        + content-cards-overview.md
        + content-cards-prerequisites-content-card-configuration-prereq.md
        + content-cards-section-overview.md
        + content-check-in-the-email-designer-content-check.md
        + content-components-content-components.md
        + content-decision-activity-content-decision.md
        + content-evaluation-and-scoring-content-scoring.md
        + content-management-section-overview.md
        + content-personalization-add-personalization.md
        + content-templates-section-overview.md
        + context-data-decisioning-requests-context-data-decisioning.md
        + context-data-edge-decisioning-requests-edge.md
        + conversion-functions-conversion-functions.md
        + convert-an-image-to-an-email-template.md
        + convert-images-to-email-content-templates-image-to-html.md
        + create-a-buying-group.md
        + create-a-channel-set-up-set-mobile-ios.md
        + create-a-code-based-experience-campaign.md
        + create-a-content-experiment-content-experiment.md
        + create-a-dataset-to-collect-events-create-dataset-2.md
        + create-a-dataset-to-collect-events-create-dataset.md
        + create-a-decision-create-decision.md
        + create-a-decision-item-create-decision-items.md
        + create-a-direct-mail-message-create-direct.md
        + create-a-fragment-create-fragments.md
        + create-a-line-message-create-line.md
        + create-a-live-activity-create-mobile-live.md
        + create-a-loyalty-status-welcome-email-challenge.md
        + create-a-mobile-message-configuration-message-preset-sms.md
        + create-a-mobile-message-create-sms-2.md
        + create-a-mobile-message-create-sms.md
        + create-a-placement-create-placement.md
        + create-a-push-notification-create-push-notification.md
        + create-a-ranking-formula-create-ranking-formula.md
        + create-a-selection-strategy-create-selection-strategy.md
        + create-a-summer-collection-announcement-challenge.md
        + create-a-web-campaign.md
        + create-a-web-in-app-message-create-in-app-web.md
        + create-a-whatsapp-journey.md
        + create-a-whatsapp-message-create-whatsapp.md
        + create-ai-models-ai-rankings.md
        + create-an-action-campaign.md
        + create-an-audience-using-the-rule-builder.md
        + create-an-eligibility-rule-create-eligibility-rule.md
        + create-an-email-create-email.md
        + create-an-exd-placement-create-exd-placement.md
        + create-an-in-app-campaign.md
        + create-an-in-app-message-create-in-app.md
        + create-an-inbox-inbox-create.md
        + create-an-ip-warmup-plan-ip-warmup.md
        + create-an-item-collection-create-decision-items.md
        + create-an-order-confirmation-email.md
        + create-and-manage-assets-with-experience-manager-assets-experience-manager-assets.md
        + create-and-manage-generative-models-generative-models.md
        + create-and-manage-your-brands-brand-library.md
        + create-and-publish-landing-pages-create-lp.md
        + create-and-publish-landing-pages.md
        + create-and-schedule-an-orchestrated-campaign-create-first-campaign.md
        + create-audiences-section-overview.md
        + create-audiences-using-web-sdk.md
        + create-buying-groups.md
        + create-challenges-create-challenges.md
        + create-code-based-experiences-create-code-based.md
        + create-code-based-experiences-section-overview.md
        + create-collection-qualifiers-create-tags.md
        + create-collections-create-collections.md
        + create-components-section-overview.md
        + create-content-cards-create-content-card.md
        + create-content-cards.md
        + create-content-templates-create-content-templates.md
        + create-content-using-ai-assistant-for-content-generation.md
        + create-content-with-the-email-designer.md
        + create-data-usage-policies.md
        + create-datasets-and-ingest-data-2.md
        + create-datasets-and-ingest-data.md
        + create-decision-management-reports-section-overview.md
        + create-decision-policies-create-decision.md
        + create-decision-rules-create-decision-rules.md
        + create-decisions-create-offer-activities.md
        + create-dynamic-content-dynamic-content.md
        + create-edit-ptr-records-ptr-records.md
        + create-fallback-offers-create-fallback-offers.md
        + create-feedback-webhooks-for-api-triggered-campaigns-webhooks.md
        + create-ip-pools-create-ip-pools.md
        + create-ip-warmup-campaigns-create-ip-warmup-campaign.md
        + create-journey-reports-design-jo-reports.md
        + create-locale-multilingual-locale.md
        + create-manage-approval-policies-approval-policies.md
        + create-manage-decisions-section-overview.md
        + create-manage-offers-section-overview.md
        + create-manage-your-brands-brands.md
        + create-multilingual-content-with-automated-translation-multilingual-automated.md
        + create-multilingual-content-with-manual-translation-multilingual-manual.md
        + create-personalized-offers-create-personalized-offers.md
        + create-placements-create-placements.md
        + create-ranking-formulas-create-ranking-formulas.md
        + create-rankings-section-overview-2.md
        + create-rankings-section-overview.md
        + create-relational-schemas-using-a-ddl-file-file-upload-schema.md
        + create-schemas.md
        + create-selection-strategies-selection-strategies.md
        + create-simulations-create-simulations.md
        + create-tasks-create-tasks.md
        + create-test-profiles-create-test-profiles.md
        + create-web-experiences-create-web.md
        + create-webhook-webhook.md
        + create-your-first-decision-item-items.md
        + create-your-first-journey-jo-quick-start.md
        + cross-solution-use-cases-section-overview.md
        + custom-journey-reports-section-overview.md
        + custom-tokens-for-email-personalization.md
        + custom-upload-custom-upload.md
        + customizable-fragments-customizable-fragments.md
        + dark-mode-for-email-content-dark-mode.md
        + data-governance-framework-overview.md
        + data-governance-restrict-fields.md
        + data-management-section-overview.md
        + data-source-configuration-section-overview.md
        + data-types-data-types.md
        + datasets-time-to-live-ttl-guardrails-ttl-guardrail.md
        + date-functions-date-functions.md
        + date-time-functions-date-time.md
        + decision-capabilities-section-overview.md
        + decision-management-api-developer-guide-decision-management-api-developer-guide.md
        + decision-management-data-collection-data-collection-2.md
        + decision-management-data-collection-data-collection.md
        + decision-management-guardrails-limitations-decision-management-guardrails.md
        + decision-management-section-overview.md
        + decisioning-api-developer-guide-decisioning-api-developer-guide.md
        + decisioning-end-to-end-walkthrough.md
        + decisioning-frequently-asked-questions-decisioning-faq.md
        + decisioning-guardrails-limitations-decisioning-guardrails.md
        + decisioning-in-code-based-experience-implementations-code-based-decisioning-implementations.md
        + decisioning-migration-api-decisioning-migration-api.md
        + decisioning-section-overview.md
        + decisions-dataset-decisions-dataset.md
        + deduplication-deduplication.md
        + default-and-custom-roles.md
        + default-xdm-fields.md
        + define-global-variables-in-orchestrated-campaigns-define-global-variables.md
        + define-landing-page-presets-lp-presets.md
        + define-landing-page-specific-content-lp-content.md
        + define-the-action-campaign-audience-action-campaign-audience.md
        + define-the-action-campaign-properties-action-campaign-properties.md
        + define-the-api-triggered-campaign-audience-api-audience.md
        + define-the-api-triggered-campaign-properties-api-properties.md
        + delegate-a-subdomain-delegate-subdomain.md
        + delegate-email-subdomains-section-overview.md
        + deliver-offers-using-apis-section-overview.md
        + deliver-offers-using-the-batch-decisioning-api-deliver-offers-batch.md
        + deliver-offers-using-the-decisioning-api-decisioning-api-2.md
        + deliver-offers-using-the-decisioning-api-decisioning-api.md
        + deliver-offers-using-the-edge-decisioning-api-edge-decisioning-api-2.md
        + deliver-offers-using-the-edge-decisioning-api-edge-decisioning-api.md
        + design-a-mobile-message-design-mobile.md
        + design-a-push-notification-design-push-notification.md
        + design-accessible-content-accessible-content.md
        + design-an-inbox-inbox-design.md
        + design-and-deliver.md
        + design-content-cards-content-design-content-card.md
        + design-content-from-scratch-with-the-email-designer-content-from-scratch.md
        + design-the-landing-page-content-design-lp.md
        + design-your-content-section-overview.md
        + design-your-email-content-section-overview.md
        + design-your-in-app-content-design-content.md
        + design-your-journey-design-your-journey.md
        + detect-potential-conflicts-in-journeys-campaigns-conflict.md
        + direct-mail-campaign-report-campaign-global-report-cja-direct.md
        + direct-mail-channel.md
        + direct-mail-configuration-direct-mail-configuration.md
        + direct-mail-journey-report-journey-global-report.md
        + direct-mail-section-overview.md
        + dmarc-record-dmarc-record.md
        + documentation-updates-latest-updates.md
        + double-opt-in-for-sinch-and-infobip.md
        + dynamic-content-section-overview.md
        + edit-assets-with-adobe-express-express.md
        + edit-email-content-with-the-advanced-html-editor-email-expert-mode.md
        + edit-expressions-edit-expressions.md
        + edit-images-with-adobe-express-edit-images-adobe-express.md
        + edit-style-section-overview.md
        + edit-the-action-campaign-content-action-campaign-content.md
        + edit-the-api-triggered-campaign-content-api-content.md
        + email-campaign-report-campaign-global-report-cja-email.md
        + email-channel-configurations.md
        + email-channel-section-overview.md
        + email-collaboration-tools.md
        + email-content-creation-with-genstudio-for-performance-marketing-genstudio-workflow.md
        + email-deduplication.md
        + email-error-types-email-error-types.md
        + email-journey-report-journey-global-report.md
        + email-message-authoring.md
        + email-opt-out-management-email-opt-out.md
        + email-performance-report.md
        + email-send-time-optimization.md
        + email-setup.md
        + email-spam-report-spam-report.md
        + email-template-authoring.md
        + email-templates.md
        + emails.md
        + enable-ai-assistant-access.md
        + encrypt-url-parameters-url-parameter-encryption.md
        + end-a-journey-journey-ending.md
        + enforce-data-usage-policies-in-journey-optimizer-channels.md
        + engage-customers-by-browsing-activity-engage-customers-uc.md
        + engagement-overview-dashboard.md
        + engagement-scores-engagement-scores.md
        + enhanced-reporting-with-customer-journey-analytics.md
        + enrichment-enrichment.md
        + error-codes-reference-error-codes.md
        + event-configuration-section-overview.md
        + examples-of-queries-query-examples.md
        + exclusion-reasons-exclusion-list.md
        + execute-an-api-triggered-campaign-execute.md
        + execute-the-ip-warmup-plan-ip-warmup-running.md
        + experience-event-lookup-in-journeys-ee-journeys.md
        + experimentation-agent-overview.md
        + experimentation-campaign-report-campaign-global-report-cja-experimentation.md
        + experimentation-journey-report-campaign-global-report-cja-experimentation.md
        + export-datasets-to-cloud-storage-locations-export-datasets.md
        + export-message-content-message-export.md
        + export-objects-to-another-sandbox-copy-to-sandbox.md
        + export-reports-in-csv-format.md
        + export-your-offer-catalog-section-overview.md
        + external-actions-configuration.md
        + external-data-sources-external-data-sources.md
        + external-nodes.md
        + fallback-offers-dataset-fallback-dataset.md
        + federated-audience-composition-fac.md
        + field-references-field-references.md
        + find-the-right-journey-optimizer-capability-for-your-goal-ajo-use-case-guide.md
        + fork-fork.md
        + form-design.md
        + forms-configurations.md
        + forms.md
        + fragment-authoring.md
        + fragments.md
        + frequency-capping-by-channel-and-communication-type-rule-sets.md
        + frequently-asked-questions-faq-oc.md
        + functions-functions.md
        + general-events-general-events.md
        + generate-expressions-with-the-expression-assistant-expression-agent.md
        + generate-full-content-with-ai-assistant-generative-full-content.md
        + generate-images-with-ai-assistant-generative-image.md
        + generate-sms-usage-report-sms-usage-report.md
        + generate-text-with-ai-assistant-generative-text.md
        + generative-ai-for-content-generative-ai-content.md
        + generative-ai-models-for-brand-alignment.md
        + get-started-for-data-engineer-data-engineer.md
        + get-started-for-developers-get-started-developers.md
        + get-started-for-marketers-get-started-marketers.md
        + get-started-for-system-administrators-get-started-sys-admins.md
        + get-started-with-access-control-permissions-overview.md
        + get-started-with-adobe-experience-manager-content-fragments-aem-fragments.md
        + get-started-with-adobe-journey-optimizer-channels-get-started-email.md
        + get-started-with-adobe-journey-optimizer-get-started.md
        + get-started-with-ai-assistant-gs-content-assistant.md
        + get-started-with-ai-models-ai-models-2.md
        + get-started-with-ai-models-ai-models.md
        + get-started-with-all-time-report-channel-report-gs-cja.md
        + get-started-with-audience-composition-get-start-audience-composition.md
        + get-started-with-audiences-about-segments.md
        + get-started-with-campaigns-get-started-campaigns.md
        + get-started-with-channels-configuration-start-optimizer-configuration.md
        + get-started-with-code-based-channel-get-started-code-based.md
        + get-started-with-content-experiments-get-started-experiment.md
        + get-started-with-content-optimization-message-optimization.md
        + get-started-with-content-templates-content-templates.md
        + get-started-with-context-data-context-data.md
        + get-started-with-custom-actions-about-actions.md
        + get-started-with-data-management-about-data.md
        + get-started-with-data-sources-about-data-sources.md
        + get-started-with-datasets-datasets-gs.md
        + get-started-with-decision-capabilities-in-journey-optimizer-gs-decision.md
        + get-started-with-decision-management-about-decision-management.md
        + get-started-with-decision-management-events-monitor-offer-events.md
        + get-started-with-decision-management-section-overview.md
        + get-started-with-decision-policies-create-decision.md
        + get-started-with-decisioning-get-started-experience-decisioning.md
        + get-started-with-deliverability-manage-deliverability.md
        + get-started-with-direct-mail-create-direct.md
        + get-started-with-dynamic-content-start-dynamic-content.md
        + get-started-with-email-configuration-get-starte-email-config.md
        + get-started-with-email-design-get-started-content-design.md
        + get-started-with-email-get-started-email.md
        + get-started-with-email-style-get-started-email-style.md
        + get-started-with-fragments-fragments.md
        + get-started-with-guided-channel-setup-set-mobile-config.md
        + get-started-with-helper-functions-functions.md
        + get-started-with-identities-identities-gs.md
        + get-started-with-in-app-channel-gs-in-app.md
        + get-started-with-ip-warmup-plans-ip-warmup-gs.md
        + get-started-with-journey-activities-about-journey-activities.md
        + get-started-with-journey-optimizer-ajo-gs-2.md
        + get-started-with-journey-optimizer-ajo-gs.md
        + get-started-with-journey-simulation-simulate-journey-gs.md
        + get-started-with-journeys-campaigns-approval-send-proofs.md
        + get-started-with-journeys-configuration-configure-journeys.md
        + get-started-with-journeys-jo-general-principle.md
        + get-started-with-landing-pages-get-started-lp.md
        + get-started-with-line-get-started-line.md
        + get-started-with-live-activities-get-started-mobile-live.md
        + get-started-with-live-activity-configuration-mobile-live-config.md
        + get-started-with-live-report-live-report.md
        + get-started-with-loyalty-challenges-get-started-loyalty-challenges.md
        + get-started-with-mobile-configuration-sms-configuration-2.md
        + get-started-with-mobile-configuration-sms-configuration.md
        + get-started-with-mobile-messages-get-started-sms-2.md
        + get-started-with-mobile-messages-get-started-sms.md
        + get-started-with-multilingual-content-multilingual-gs.md
        + get-started-with-offer-catalog-export-export-catalog.md
        + get-started-with-offer-delivery-apis-about-decisioning-apis.md
        + get-started-with-orchestrated-campaigns-orchestrated-camp.md
        + get-started-with-personalization-add-personalization.md
        + get-started-with-privacy-privacy.md
        + get-started-with-profiles-profiles-gs.md
        + get-started-with-push-notification-gs-push-notification.md
        + get-started-with-queries-queries-gs.md
        + get-started-with-rankings-create-fallback-offers.md
        + get-started-with-relational-schemas-and-datasets-gs-schemas.md
        + get-started-with-reporting-capabilities-get-started-report.md
        + get-started-with-schemas-schemas-gs.md
        + get-started-with-sources-connectors-sources-gs.md
        + get-started-with-the-journey-optimizer-experimentation-accelerator-content-experiment.md
        + get-started-with-the-optimize-activity-journey-path-optimization.md
        + get-started-with-tracking-in-journey-optimizer-get-started-tracking.md
        + get-started-with-web-channel-get-started-web.md
        + get-started-with-whatsapp-configuration-whatsapp-config.md
        + get-started-with-whatsapp-messages-get-started-whatsapp.md
        + governance-features.md
        + guardrails-and-limitations-guardrails.md
        + guardrails-and-limitations-limitations.md
        + guided-channel-setup-2.md
        + guided-channel-setup.md
        + header-parameters-email-header.md
        + health-plan-prescriptions-email-plan-prescription.md
        + helper-functions-list-section-overview.md
        + helper-functions.md
        + helpers-gs-helpers.md
        + identify-potential-conflicts.md
        + identity-stitching-in-aep.md
        + implement-a-customer-onboarding-journey.md
        + import-and-author-html-email-content-with-the-message-editor.md
        + import-your-email-content-existing-content.md
        + in-app-campaign-report-campaign-global-report-cja-inapp.md
        + in-app-channel-section-overview.md
        + in-app-journey-report-journey-global-report.md
        + in-app-messages-overview-2.md
        + in-app-messages-overview.md
        + in-crm-access-to-detail-pages.md
        + in-crm-insights.md
        + inaudience-function-inaudience.md
        + ingest-data-ingest-data.md
        + integrate-with-adobe-campaign-standard-using-adobe-campaign-standard.md
        + integrate-with-adobe-campaign-v7v8-integrating-with-adobe-campaign-v7-v8.md
        + integrate-with-external-systems-external-systems.md
        + integrate-with-intelligent-services-ai-overview.md
        + integrate-with-marketo-engage-integrating-with-marketo-engage.md
        + integrate-your-journeys-with-external-systems-section-overview.md
        + integrations-with-other-solutions-integration.md
        + intelligent-dashboard.md
        + intent-data.md
        + introduction-to-adobe-journey-optimizer.md
        + introduction-to-building-a-journey-2.md
        + introduction-to-building-a-journey.md
        + introduction-to-decisioning-2.md
        + introduction-to-decisioning.md
        + introduction-to-experimentation.md
        + introduction-to-orchestrated-campaigns-in-adobe-journey-optimizer.md
        + introduction-to-reporting-in-journey-optimizer-2.md
        + introduction-to-reporting-in-journey-optimizer.md
        + introduction-to-the-whatsapp-channel.md
        + ip-warmup-deliverability-guide-ip-warmup-deliverability-guide.md
        + iterate-over-contextual-data-personalization-contexts.md
        + journey-agent-b2b.md
        + journey-capping-arbitration-journey-capping.md
        + journey-configuration-section-overview.md
        + journey-designer-overview.md
        + journey-dry-run-journey-dry-run.md
        + journey-fields-sharing-journey-fields.md
        + journey-fragments-journey-fragments.md
        + journey-frequency-capping-and-prioritization.md
        + journey-live-report-journey-live-report.md
        + journey-management.md
        + journey-nodes.md
        + journey-optimizer-b2b-edition-release-notes.md
        + journey-optimizer-b2b-edition-tutorials.md
        + journey-optimizer-challenges-introduction-and-prerequisites.md
        + journey-optimizer-datasets-section-overview.md
        + journey-optimizer-experimentation-accelerator.md
        + journey-optimizer-mobile-learning-hub.md
        + journey-optimizer-release-cycle-releases.md
        + journey-optimizer-tutorials.md
        + journey-orchestration-frequently-asked-questions-faq-journeys.md
        + journey-properties-attributes-journey-properties.md
        + journey-re-entry.md
        + journey-report-journey-global-report.md
        + journey-reports-section-overview.md
        + journeys-overview-dashboard.md
        + journeystep-event-identity-fields-sharing-identity-fields.md
        + journeystep-events-action-execution-fields-sharing-execution-fields.md
        + journeystep-events-data-fetch-fields-sharing-fetch-fields.md
        + journeysteps-events-common-fields-sharing-common-fields.md
        + jump-from-one-journey-to-another-jump.md
        + key-capabilities-and-the-user-interface.md
        + key-steps-to-create-an-orchestrated-campaign-orchestrated-campaign-creation.md
        + key-steps-to-create-manage-offers-key-steps-to-manage-offers.md
        + key-terminology-key-terminology.md
        + landing-page-configuration.md
        + landing-page-design.md
        + landing-page-live-report-lp-report-live.md
        + landing-page-report-lp-report-global-cja.md
        + landing-page-templates.md
        + landing-page-use-cases-lp-use-cases.md
        + landing-pages.md
        + learn-through-use-cases-jo-uc-gs-2.md
        + learn-through-use-cases-jo-uc-gs.md
        + legacy-step-event-fields-section-overview.md
        + leverage-context-data-in-decisioning-context.md
        + leverage-context-data-section-overview.md
        + leverage-custom-upload-audiences-for-decisioning-custom-upload-decisioning.md
        + leverage-expression-fragments-use-expression-fragments.md
        + leverage-fragments-in-decision-policies-fragments.md
        + leverage-path-targeting-targeting.md
        + license-usage-dashboard-license-usage.md
        + line-section-overview.md
        + linkedin-account-matched-audiences.md
        + list-decision-items-list-decision-items.md
        + list-functions-list-functions.md
        + list-of-components-list-of-components-live.md
        + list-of-metrics-list-of-components-global.md
        + list-personalized-offers-list-personalized-offers.md
        + list-unsubscribe-list-unsubscribe.md
        + listen-for-aep-events.md
        + listen-for-an-event.md
        + live-activity-campaign-report-campaign-global-report-cja-activity.md
        + live-activity-integration-with-adobe-experience-platform-mobile-sdk-mobile-live-config-sdk.md
        + live-report-in-the-journey-canvas-report-journey.md
        + live-report-section-overview.md
        + lock-content-in-email-templates-lock-content-email-templates.md
        + log-in-and-home-page.md
        + loyalty-data-and-datasets-loyalty-data-and-datasets.md
        + manage-code-based-experiences-publish-code-based.md
        + manage-consent-section-overview.md
        + manage-dark-mode-content-dark-mode.md
        + manage-decision-items-section-overview.md
        + manage-fragments-manage-fragments.md
        + manage-opt-out-consent.md
        + manage-tags-in-journeys-journey-tags.md
        + manage-the-default-execution-fields-change-primary-email.md
        + manage-the-suppression-list-manage-suppression-list.md
        + manage-the-text-version-of-an-email-text-version-email.md
        + manage-users-roles-manage-permissions.md
        + manage-web-modifications-manage-web-modifications.md
        + manage-your-adobe-experience-manager-content-fragments-aem-fragments.md
        + manage-your-customers-preferences-preference-center.md
        + manage-your-journeys-section-overview.md
        + manage-your-reports-channel-cja-manage.md
        + manually-configure-customer-journey-analytics-cja-ajo.md
        + map-identities.md
        + maps-functions-maps.md
        + math-functions-math-functions.md
        + math-functions-math.md
        + measure-performance-and-optimize.md
        + migrate-an-email-subdomain-from-cname-to-custom-delegation-migrate-cname-to-custom.md
        + mobile-onboarding-quick-start-workflow-mobile-wf.md
        + monitor-and-analyze-your-journey-with-journey-reports.md
        + monitor-and-analyze-your-journey-with-live-reports.md
        + monitor-email-addresses-section-overview.md
        + monitor-loyalty-challenge-performance-loyalty-reporting.md
        + monitor-your-ai-models-ai-model-observability.md
        + monitor-your-custom-actions-reporting.md
        + monitor-your-web-experiences-monitor-web-experiences.md
        + multilingual-content-section-overview.md
        + navigate-the-interface-user-interface.md
        + next-best-path-node.md
        + notify-users-about-product-availability-product-availability-uc.md
        + object-functions-objects.md
        + object-level-access-control-object-level-access.md
        + offer-library-user-interface-user-interface.md
        + operators-operators-2.md
        + operators-operators.md
        + opt-out-management-for-mobile-messages-sms-opt-out.md
        + optimize-email-for-ai-inboxes-email-text-optimizer.md
        + optimize-push-notifications-with-ajo-decisioning.md
        + orchestrate-campaign-activities-orchestrate.md
        + orchestrated-campaigns-reporting-report-campaigns.md
        + overview-report-channel-report-cja-2.md
        + overview-report-channel-report-cja.md
        + paid-media-orchestration.md
        + pass-collections-into-custom-action-parameters-passing-collection.md
        + pause-a-journey-journey-pause.md
        + perform-data-lifecycle-operations-data-hygiene.md
        + permission-levels-high-low-permissions.md
        + person-audience-journey-nodes.md
        + person-details.md
        + persona-mapping.md
        + personalization-editor-overview.md
        + personalization-recipes-personalization-recipes.md
        + personalization-section-overview.md
        + personalization-syntax-personalization-syntax-2.md
        + personalization-syntax-personalization-syntax.md
        + personalization-use-case-cart-abandonment-email-personalization-use-case-helper-functions.md
        + personalization-use-case-order-status-notification-personalization-use-case.md
        + personalization-use-cases-section-overview.md
        + personalize-email-configuration-settings-surface-personalization.md
        + personalize-offers-with-ranking-formulas-based-on-user-zip-code-and-income.md
        + personalize-urls-in-emails-url-personalization.md
        + personalize-your-brand-brands-personalize.md
        + personalize-your-email-background-backgrounds.md
        + personalized-offers-dataset-offers-dataset.md
        + personalized-optimization-model-personalized-optimization-model-2.md
        + personalized-optimization-model-personalized-optimization-model.md
        + placements-dataset-placements-dataset.md
        + prerequisites-and-configuration-inapp-configuration.md
        + prerequisites-and-guardrails-web-prerequisites.md
        + preview-and-test-your-email-content-preview-simulate.md
        + preview-test-content-section-overview.md
        + preview-test-your-content-preview-test.md
        + preview-your-content-using-test-profiles-preview.md
        + privacy-requests-track-changes-2.md
        + privacy-requests-track-changes.md
        + privacy-section-overview.md
        + profile-entrance-management-entry-management.md
        + profiles-section-overview.md
        + publish-your-journey-publishing-the-journey.md
        + push-notification-campaign-report-campaign-global-report-cja-push.md
        + push-notification-channel-section-overview.md
        + push-notification-data-flow-and-components-get-started-push.md
        + push-notification-journey-report-journey-global-report.md
        + push-notifications-overview-2.md
        + push-notifications-overview.md
        + query-examples-query-examples.md
        + question-guidance-for-ai-assistant-in-journey-optimizer-b2b-edition.md
        + ranking-formulas-create-ranking-formulas.md
        + ranking-methods-rankings.md
        + reaction-events-reaction-events.md
        + read-audience-read-audience.md
        + reconciliation-reconciliation.md
        + release-notes-release-notes.md
        + report-and-monitor.md
        + report-on-decisioning-decisioning-report.md
        + reporting-experimentation-prerequisites-reporting-configuration.md
        + reporting-section-overview.md
        + request-approval-request-approval.md
        + retries-retries.md
        + reusable-content-fragments-section-overview.md
        + review-activate-the-api-triggered-campaign-api-review.md
        + review-and-activate-the-action-campaign-action-campaign-review.md
        + review-approve-a-request-approve-requests.md
        + review-the-spam-report.md
        + role-insights-dashboard.md
        + role-templates.md
        + roles-and-responsibilities.md
        + sales-alert-email.md
        + sales-qualifier.md
        + save-audience-save-audience.md
        + save-content-as-fragment-save-as-fragment.md
        + scaling-orchestration-to-omnichannel-engagement-in-adobe-journey-optimizer-introduction.md
        + schedule-the-action-campaign-action-campaign-schedule.md
        + schedule-the-api-triggered-campaign-api-schedule.md
        + search-filter-organize-search-filter-organize.md
        + select-experience-events-and-fields.md
        + select-test-profiles-select-test-profiles.md
        + send-a-message-to-the-subscribers-of-a-list-send-a-message-to-the-subscribers-of-a-list.md
        + send-a-message-with-campaign-v7v8-campaign-v7-v8-use-case.md
        + send-emails-only-on-weekdays-send-emails-only-on-weekdays.md
        + send-proofs-using-test-profiles-data-send-proofs.md
        + send-time-optimization-send-time-optimization.md
        + send-using-waves-in-campaigns-send-using-waves.md
        + send-using-waves-in-journeys-send-using-waves-journeys.md
        + send-wishlist-item-updates-wishist-uc.md
        + send-with-adobe-solutions-section-overview.md
        + set-message-journey-capping-rules-section-overview.md
        + set-quiet-hours-quiet-hours.md
        + set-up-a-custom-subdomain-delegate-custom-subdomain.md
        + set-up-a-manual-relational-schema-manual-schema.md
        + set-up-an-allowed-list-allow-list.md
        + set-up-channel-configurations-set-up-channel-surfaces.md
        + set-up-data-manually.md
        + set-up-data-overview.md
        + set-up-manage-customer-managed-keys-cmk.md
        + set-up-rcs-in-journey-optimizer.md
        + set-up-the-whatsapp-channel.md
        + set-your-journey-properties-jo-properties.md
        + setup-checklist.md
        + setup-for-email-tracking-and-delivery.md
        + simulate-content-variations-custom-profiles.md
        + simulate-your-journey-simulate-journey.md
        + sms-authoring.md
        + sms-campaign-report-campaign-global-report-cja-sms.md
        + sms-channel-configurations.md
        + sms-journey-report-sms.md
        + smsmms-messages-overview.md
        + smsmmsrcs-overview.md
        + solution-interests.md
        + split-and-merge-paths-split-paths.md
        + split-split.md
        + start-and-monitor-your-orchestrated-campaigns-start-monitor.md
        + start-creating-content-section-overview.md
        + step-event-field-list-sharing-field-list.md
        + string-functions-string-functions.md
        + string-functions-string.md
        + subdomain-delegation-in-journey-optimizer-subdomain-delegation.md
        + subscription-lists-create-subscription-list.md
        + subscription-live-report-subscription-report-live.md
        + subscription-report-subscription-report-global-cja.md
        + support-for-archiving-archiving-support.md
        + supported-functions-in-the-personalization-editor-personalization-editor-supported-functions.md
        + suppression-list-suppression-list.md
        + syntax-section-overview.md
        + take-an-action.md
        + template-content-governance.md
        + test-code-based-experiences-test-code-based.md
        + test-email-content-templates-test-template.md
        + test-email-rendering-email-rendering.md
        + test-email-rendering-with-litmus.md
        + test-profiles-test-profiles.md
        + test-test.md
        + test-validate-approve-section-overview.md
        + test-your-journey-testing-the-journey.md
        + time-zone-management-timezone-management.md
        + track-monitor-and-troubleshoot-section-overview.md
        + trigger-journey-on-form-submission.md
        + trigger-orchestrated-campaigns-using-a-signal-trigger-signal.md
        + troubleshoot-errors-before-testing-your-journey-troubleshooting.md
        + troubleshoot-inbound-actions-in-journeys-troubleshooting-inbound-actions.md
        + troubleshoot-live-activities-troubleshoot-mobile-live.md
        + troubleshoot-your-custom-actions-troubleshoot-a-custom-action.md
        + troubleshoot-your-live-journey-execution-troubleshooting-execution.md
        + troubleshooting-faq-ajo-troubleshooting.md
        + understand-statistical-calculations-experiment-calculations.md
        + understand-statistical-calculations-in-experimentation-report-experiment-report-calculations.md
        + understanding-journey-optimizer-understanding-ajo-2.md
        + understanding-journey-optimizer-understanding-ajo.md
        + update-profile-update-profile.md
        + url-tracking-url-tracking.md
        + use-a-custom-dataset-for-inbound-keywords-custom-dataset-inbound-keywords.md
        + use-account-lists-in-journeys-and-programs.md
        + use-adobe-experience-platform-data-aep-data.md
        + use-adobe-experience-platform-data-for-decisioning-aep-data.md
        + use-adobe-experience-platform-data-for-personalization-aep-data.md
        + use-adobe-experience-platform-data-in-journeys-datalookup.md
        + use-adobe-experience-platform-data-section-overview.md
        + use-ai-assistant-in-journey-optimizer-b2b-edition.md
        + use-alerts.md
        + use-an-audience-in-a-journey-segment-trigger-activity.md
        + use-and-assign-sandboxes-sandboxes.md
        + use-and-configure-deep-links-in-emails-and-sms-deeplinks.md
        + use-and-manage-saved-expressions-in-the-personalization-library.md
        + use-api-call-responses-in-custom-actions-custom-action-enhancements.md
        + use-audiences-enrichment-attributes-enrichment.md
        + use-brand-themes-for-email-content-email-brand-themes.md
        + use-brands-for-content-generation-and-consistency-brands.md
        + use-case-business-event.md
        + use-case-configure-personalized-offers-to-use-them-in-an-email-configure-add-personalized-offers-email.md
        + use-case-description.md
        + use-case-limit-throughput-with-external-data-sources-custom-actions-limit-throughput.md
        + use-case-playbook-abandoned-shopping-cart.md
        + use-case-ramp-up-your-deliveries-use-case-ramp-up-your-deliveries.md
        + use-cases-section-overview.md
        + use-content-templates-use-content-templates.md
        + use-contextual-event-information-for-personalization.md
        + use-custom-actions-to-write-journey-events-in-experience-platform-custom-action-aep.md
        + use-custom-actions-use-custom-actions.md
        + use-decision-policies-in-messages-create-decision.md
        + use-decisioning-in-a-code-based-experience-with-content-experiment-experience-decisioning-uc.md
        + use-decisioning-to-personalize-web-offers.md
        + use-editable-form-fields-in-code-based-experiences-code-based-form-fields.md
        + use-email-templates-email-templates.md
        + use-experimentation-experimentation.md
        + use-forms-in-your-landing-pages-lp-forms.md
        + use-formulas-to-rank-journeys-journey-ranking-formulas.md
        + use-helper-functions-for-personalization.md
        + use-path-experimentation-experimentation.md
        + use-sandboxes.md
        + use-seed-lists-seed-lists.md
        + use-supplemental-identifiers-in-journeys-supplemental-id.md
        + use-targeting-targeting.md
        + use-the-action-activity-add-a-message-in-a-journey.md
        + use-the-email-designer-content-components-content-components.md
        + use-the-web-non-visual-editor-web-non-visual-editor.md
        + use-variables-in-orchestrated-campaigns-variables-oc.md
        + user-access-and-permissions-2.md
        + user-access-and-permissions.md
        + user-onboarding-guidance.md
        + wait-activity-wait-activity.md
        + wait-nodes.md
        + wait-wait.md
        + web-campaign-report-campaign-global-report-cja-web.md
        + web-channel-configurations.md
        + web-channel-section-overview.md
        + web-engagement-dashboard.md
        + web-experience-design.md
        + web-experiences.md
        + web-journey-report-journey-global-report.md
        + whatsapp-authoring.md
        + whatsapp-channel-setup.md
        + whatsapp-overview.md
        + whatsapp-section-overview.md
        + work-with-action-campaigns-gs-action-campaigns.md
        + work-with-adobe-analytics-data-analytics-data.md
        + work-with-adobe-experience-manager-content-fragments-aem-fragments.md
        + work-with-adobe-stock-images-stock.md
        + work-with-api-triggered-campaigns-trigger-campaigns.md
        + work-with-computed-attributes-computed-attributes.md
        + work-with-conditional-rules-conditions.md
        + work-with-consent-policies-consent-management.md
        + work-with-dynamic-media-aem-dynamic.md
        + work-with-experience-manager-assets.md
        + work-with-genstudio-for-performance-marketing-ajo-genstudio.md
        + work-with-internal-image-assets.md
        + work-with-journey-entry-and-exit-criteria-entry-exit-criteria-guide.md
        + work-with-journey-events-about-events.md
        + work-with-journey-optimizer-apis-apis-gs.md
        + work-with-journey-step-events-work-with-journey-step-events.md
        + work-with-landing-page-templates-work-with-templates.md
        + work-with-placements-create-decision.md
        + work-with-predefined-filters-predefined-filters.md
        + work-with-rule-sets-rule-sets.md
        + work-with-the-advanced-expression-editor-about-the-advanced-expression-editor.md
        + work-with-the-capping-api-work.md
        + work-with-the-rule-builder-orchestrated-rule-builder.md
        + work-with-the-throttling-api.md
        + work-with-the-web-designer-work-with-web-designer.md
        + xdm-field-management.md

### CJA_Consolidado.md
    Linhas: 52766 -> 55434 (delta 2668)
    Bytes : 3430368 -> 3465604 (delta 35236)
    Linhas adicionadas: 3937 | removidas: 1269
    Arquivos novos/alterados presentes no consolidado novo:
        + 2025-customer-journey-analytics-release-notes.md
        + aaid-ecid-aacustomid-and-the-analytics-source-connector.md
        + access-control.md
        + active-growth-analysis-active-growth.md
        + add-and-manage-comments-in-projects-comment-on-projects-2.md
        + add-and-manage-comments-in-projects-comment-on-projects.md
        + add-area-visualizations-to-analysis-workspace-projects-in-customer-journey-analytics.md
        + add-bar-visualizations-to-analysis-workspace-projects-in-customer-journey-analytics.md
        + add-bullet-graph-visualizations-to-analysis-workspace-projects-in-customer-journey-analytics.md
        + add-component-descriptions.md
        + add-components-to-the-freeform-panel.md
        + add-donut-visualizations-to-analysis-workspace-projects-in-customer-journey-analytics.md
        + add-or-move-projects-to-folders.md
        + add-platform-as-a-service-to-your-datastream-upgrade-addplatform-datastream.md
        + add-quantum-metric-friction-events-to-customer-journey-analytics.md
        + add-scatter-visualizations-in-analysis-workspace-projects-in-customer-journey-analytics.md
        + add-standard-lookups-to-your-datasets.md
        + add-summary-visualizations-to-analysis-workspace-projects-in-customer-journey-analytics.md
        + add-text-visualizations-to-analysis-workspace-projects-in-customer-journey-analytics.md
        + add-the-analytics-source-connector-dataset-to-the-connection-upgrade-source-connector-dataset.md
        + add-the-tree-map-visualization-to-analysis-workspace-projects-in-customer-journey-analytics.md
        + add-the-web-sdk-extension-to-your-tag-upgrade-tag-extension.md
        + add-xdm-data-collection-logic-to-your-tag-upgrade-tag-xdm.md
        + adding-dimensions-and-metrics-to-your-project-in-analysis-workspace.md
        + adobe-analytics-dashboards-in-app-experience.md
        + adobe-analytics-dashboards-scorecard-builder.md
        + adobe-customer-journey-analytics-and-data-governance.md
        + advanced-functions.md
        + ai-assistant-for-adobe-customer-journey-analytics.md
        + alert-use-cases.md
        + alerts-feature-comparison.md
        + alerts-overview.md
        + algorithmic-model-in-attribution-iq.md
        + an-example-person-based-b2b-project.md
        + analysis-workspace-overview-analysis-workspace-overview-2.md
        + analysis-workspace-overview-analysis-workspace-overview.md
        + analysis-workspace-overview.md
        + analytics-dashboards-overview.md
        + analytics-tutorials.md
        + analyze-experience-platform-audiences-in-customer-journey-analytics-analyze-audiences-rtcdp.md
        + annotations-overview.md
        + anomaly-detection-in-analysis-workspace-anomaly-detection-in-analysis-workspace.md
        + anomaly-detection-overview.md
        + approve-calculated-metrics.md
        + approve-segments.md
        + approximate-count-distinct-function-in-calculated-metrics-approximate-count-distinct-function-in-calculated-metrics.md
        + architect-your-schema-for-use-with-customer-journey-analytics-upgrade-schema-architect.md
        + architecture-and-integrations-of-customer-journey-analytics.md
        + area-stacked.md
        + assist-executives-to-access-mobile-scorecards.md
        + attribution-component-settings-attribution-component-settings.md
        + attribution-panel-attribution-panel.md
        + audience-analysis-overview.md
        + audience-analysis-use-cases-analyze-audiences-use-cases.md
        + audience-publishing-overview.md
        + audit-logs-audit-logs.md
        + b2b-edition-concepts-and-features.md
        + b2b-edition-quick-start-guide.md
        + b2b-edition-use-cases-overview.md
        + bad-ids.md
        + bar-stacked.md
        + basic-functions.md
        + behavior-component-settings-behavior-component-settings.md
        + bi-extension-use-cases.md
        + bi-extension.md
        + binding-dimensions-in-data-views.md
        + blank-panel-blank-panel.md
        + break-down-dimensions.md
        + build-calculated-metrics-build-metrics.md
        + build-product-value.md
        + build-segments-build-segments.md
        + bullet-bullet.md
        + calculated-metrics-overview.md
        + calculated-metrics-segmented-metrics-calculated-metrics-segmented-metrics.md
        + calculated-metrics-templates.md
        + cancel-reporting-requests-in-the-reporting-activity-manager.md
        + caveats.md
        + choose-your-schema-for-customer-journey-analytics-choose-schema.md
        + cja-stitching-enablement-and-validation.md
        + cohort-analysis-in-analysis-workspace-cohort-analysis-in-analysis-workspace.md
        + cohort-analysis-use-cases.md
        + cohort-table-overview-cohort-table-overview.md
        + column-settings.md
        + combine-report-suites-with-different-schemas.md
        + combined-event-datasets.md
        + combo-combo.md
        + compare-analytics-source-connector-data-to-adobe-analytics.md
        + compare-customer-journey-analytics-to-bi-solutions.md
        + compare-data-processing-across-adobe-analytics-and-customer-journey-analytics.md
        + compare-terminology-for-analytics-data-passed-through-the-analytics-source-connector.md
        + comparison-with-adobe-analytics.md
        + component-settings-component-settings.md
        + component-type-settings-in-data-views.md
        + components-overview.md
        + configure-a-cohort-table.md
        + configure-a-fallout-visualization-configure-fallout-visualization.md
        + configure-a-flow-visualization-configure-a-flow-visualization.md
        + configure-a-journey-canvas-visualization.md
        + configure-and-use-the-map-visualization.md
        + configure-audience-analysis-configure-audience-analysis.md
        + configure-cloud-export-accounts.md
        + configure-cloud-export-locations-configure-cloud-export-locations.md
        + configure-content-analytics.md
        + configure-customer-journey-analytics.md
        + configure-data-warehouse-native-solutions.md
        + configure-experience-platform.md
        + configure-streaming-google-analytics-data.md
        + configure-your-existing-adobe-analytics-web-sdk-implementation-to-send-data-to-platform-existing-websdk-implementation.md
        + connect-and-validate.md
        + connect-customer-journey-analytics-to-experience-platform-data-sources.md
        + connections-overview.md
        + content-analytics-components.md
        + content-analytics-data-collection.md
        + content-analytics-guided-configuration.md
        + content-analytics-javascript-library.md
        + content-analytics-manual-configuration.md
        + content-analytics-overview.md
        + content-analytics-reporting-overview.md
        + conversion-trends-analysis-conversion-trends.md
        + copy-segments.md
        + count-distinct-values-dimensions.md
        + create-a-custom-schema-for-the-analytics-source-connector-create-custom-schema.md
        + create-a-custom-schema-to-use-with-customer-journey-analytics-create-custom-schema.md
        + create-a-data-block.md
        + create-a-data-view-in-customer-journey-analytics-upgrade-create-dataview.md
        + create-a-dataset-to-use-with-customer-journey-analytics-upgrade-create-dataset.md
        + create-a-datastream-to-use-with-customer-journey-analytics-upgrade-create-datastream.md
        + create-a-fallout-visualization.md
        + create-a-flow-visualization.md
        + create-a-marketing-channel-derived-field-for-customer-journey-analytics-create-marketing-channel-derived-field.md
        + create-a-mobile-scorecard-create-a-mobile-scorecard.md
        + create-a-mobile-scorecard.md
        + create-a-quick-segment.md
        + create-a-table-of-contents-in-analysis-workspace-create-a-table-of-contents-in-analysis-workspace.md
        + create-a-tag-for-your-property-upgrade-tag-property.md
        + create-alerts-create-alerts.md
        + create-and-configure-a-connection-to-use-with-customer-journey-analytics-upgrade-create-connection.md
        + create-and-manage-templates-2.md
        + create-and-manage-templates.md
        + create-and-publish-audiences-create-and-publish-audiences-2.md
        + create-and-publish-audiences-create-and-publish-audiences.md
        + create-annotations.md
        + create-calculated-metrics.md
        + create-date-ranges.md
        + create-derived-fields-in-customer-journey-analytics-2.md
        + create-derived-fields-in-customer-journey-analytics.md
        + create-dynamic-drop-down-segments-in-analysis-workspace.md
        + create-folders.md
        + create-hyperlinks-in-freeform-tables-2.md
        + create-hyperlinks-in-freeform-tables.md
        + create-intelligent-captions.md
        + create-lookup-datasets-to-classify-data-in-customer-journey-analytics-upgrade-lookup-dataset.md
        + create-or-edit-a-connection-create-or-edit-a-connection.md
        + create-or-edit-a-data-view.md
        + create-projects-create-projects.md
        + create-segments-2.md
        + create-segments.md
        + create-shareable-links.md
        + create-the-analytics-source-connector-and-map-fields-create-source-connector.md
        + cross-channel-analysis-cross-channel.md
        + cross-channel-attribution-in-customer-journey-analytics.md
        + curate-and-share-projects-overview.md
        + curate-projects.md
        + curator-tasks.md
        + current-customer-journey-analytics-release-notes-may-2026.md
        + customer-journey-analytics-b2b-edition-2.md
        + customer-journey-analytics-b2b-edition.md
        + customer-journey-analytics-bi-extension.md
        + customer-journey-analytics-documentation-updates.md
        + customer-journey-analytics-documentation.md
        + customer-journey-analytics-feature-release-strategy.md
        + customer-journey-analytics-feature-support.md
        + customer-journey-analytics-guardrails.md
        + customer-journey-analytics-guide.md
        + customer-journey-analytics-hosting-locations.md
        + customer-journey-analytics-landing-page-2.md
        + customer-journey-analytics-landing-page-3.md
        + customer-journey-analytics-landing-page.md
        + customer-journey-analytics-overview-2.md
        + customer-journey-analytics-overview.md
        + customer-journey-analytics-tutorials.md
        + customer-managed-keys.md
        + daily-trend.md
        + data-dictionary-overview-data-dictionary-overview.md
        + data-export-use-cases-data-export-use-cases.md
        + data-ingestion-overview.md
        + data-storytelling-generate-slide-presentations-from-workspace-reports-generate-powerpoint.md
        + data-views-overview.md
        + data-views-use-cases.md
        + date-comparison.md
        + date-ranges-overview.md
        + deletion-and-reset-implications.md
        + derived-fields-derived-fields.md
        + derived-fields-guidelines.md
        + dimensions-overview.md
        + disable-adobe-analytics-disable-appmeasurement.md
        + domains-used-by-customer-journey-analytics.md
        + donut-donut.md
        + download-projects-and-data.md
        + dynamic-and-static-dimension-items.md
        + easy-drag-and-drop-to-blank-projects.md
        + edit-component-entries.md
        + enable-stitching.md
        + engagement-analysis-engagement.md
        + errors-and-troubleshooting.md
        + evaluate-when-to-disable-adobe-analytics-after-upgrading-to-customer-journey-analytics-evaluate-aa-needs.md
        + evolution-from-adobe-analytics.md
        + example-custom-date-ranges.md
        + executive-user-quick-start-guide.md
        + experience-platform-data-mirror-considerations.md
        + experience-platform-data-mirror-overview.md
        + experimentation-panel-experimentation-panel.md
        + export-datasets.md
        + export-full-table.md
        + export-full-tables-to-the-cloud-full-table-export.md
        + export-overview.md
        + fallout-overview-fallout-overview.md
        + field-based-stitching.md
        + filter-and-sort-freeform-tables.md
        + filter-dimensions.md
        + filter-the-list-of-calculated-metrics.md
        + filter-the-list-of-segments.md
        + find-metrics.md
        + first-use-impact-analysis-first-use-impact.md
        + flow-overview-flow.md
        + folders-overview.md
        + forecasting-overview.md
        + format-component-settings-format-component-settings.md
        + freeform-panel.md
        + freeform-table-overview-freeform-table-overview.md
        + frequency-analysis-frequency.md
        + frequently-asked-questions-2.md
        + frequently-asked-questions-3.md
        + frequently-asked-questions.md
        + funnel-analysis-funnel-2.md
        + funnel-analysis-funnel.md
        + funnel.md
        + ga4-reports-in-customer-journey-analytics.md
        + graph-based-stitching.md
        + grow-key-accounts.md
        + guided-analysis-overview.md
        + high-cardinality-dimensions.md
        + histogram-histogram.md
        + horizontal-bar-stacked.md
        + hotkeys.md
        + hourly-trend.md
        + implement-the-loader-tag-for-the-web-sdk-extension-upgrade-tag-loader.md
        + import-call-center-and-web-data.md
        + include-exclude-values-component-settings-include-exclude-values-component-settings.md
        + include-multiple-dimension-columns-in-a-freeform-table.md
        + ingest-and-use-ad-hoc-data.md
        + ingest-and-use-batch-data.md
        + ingest-and-use-data-from-adobe-analytics.md
        + ingest-and-use-data-using-source-connectors.md
        + ingest-and-use-experience-platform-audiences.md
        + ingest-and-use-streaming-data.md
        + ingest-data-via-the-edge-network-server-api.md
        + ingest-data-via-the-mobile-sdk.md
        + ingest-data-via-the-web-sdk.md
        + ingest-google-analytics-historical-data.md
        + integrate-adobe-advertising-with-customer-journey-analytics.md
        + integrate-adobe-analytics-with-customer-journey-analytics.md
        + integrate-adobe-solutions-with-customer-journey-analytics.md
        + integrate-customer-ai-data.md
        + integrate-decision-management.md
        + integrate-journey-optimizer.md
        + intelligent-alerts-in-adobe-analytics-intelligent-alerts-in-adobe-analytics.md
        + intelligent-captions-intelligent-captions-2.md
        + intelligent-captions-intelligent-captions.md
        + inter-dimensional-flows.md
        + introduction-to-calculated-metrics-in-customer-journey-analytics.md
        + introduction-to-customer-journey-analytics.md
        + ip-addresses-used-by-customer-journey-analytics.md
        + journey-canvas-overview-journey-canvas-overview-2.md
        + journey-canvas-overview-journey-canvas-overview.md
        + key-metric-summary-key-metric-summary.md
        + labels-and-policies.md
        + labs-user-guide.md
        + lack-of-permissions.md
        + limits.md
        + line-line.md
        + line-visualization-in-customer-journey-analytics.md
        + link-inside-or-outside-of-your-project.md
        + manage-alerts.md
        + manage-annotations.md
        + manage-audience-analysis-configurations-manage-audience-analysis.md
        + manage-calculated-metrics-2.md
        + manage-calculated-metrics.md
        + manage-cloud-export-locations-and-accounts.md
        + manage-connections-manage-connections-2.md
        + manage-connections-manage-connections.md
        + manage-data-blocks.md
        + manage-data-sources-manage-data-sources.md
        + manage-data-views.md
        + manage-date-ranges.md
        + manage-export-logs.md
        + manage-exports.md
        + manage-folders.md
        + manage-published-audiences.md
        + manage-scheduled-workbooks.md
        + manage-scorecards.md
        + manage-segments-2.md
        + manage-segments-3.md
        + manage-segments.md
        + manage-your-customer-journey-analytics-usage.md
        + map-map.md
        + mark-calculated-metrics-as-favorite.md
        + mark-segments-as-favorite.md
        + media-average-minute-audience-panel-media-average-minute-audience-panel.md
        + media-concurrent-viewers-panel-in-analysis-workspace.md
        + media-concurrent-viewers-panel-media-concurrent-viewers-panel.md
        + media-playback-time-spent-panel-media-playback-time-spent-panel.md
        + media-playback-time-spent-panel.md
        + metric-deduplication-component-settings-metric-deduplication-component-settings.md
        + metric-type-and-attribution.md
        + metrics.md
        + migrate-data-from-google-analytics.md
        + mirror-and-use-relational-data.md
        + mobile-scorecard-annotations.md
        + monitor-data-dictionary-health.md
        + monitor-dataset-ingestion-when-upgrading-to-customer-journey-analytics-monitor-ingestion.md
        + monthly-trend.md
        + move-adobe-analytics-segments-to-customer-journey-analytics.md
        + move-your-calculated-metrics-from-adobe-analytics-to-customer-journey-analytics.md
        + multiple-dimension-ranked.md
        + net-growth-analysis-net-growth.md
        + next-or-previous-item-panel-next-or-previous-item-panel.md
        + no-value-options-component-settings-no-value-options-component-settings.md
        + open-projects.md
        + operators.md
        + optimize-account-marketing.md
        + optimize-customer-journey-analytics-and-analysis-workspace-performance.md
        + overview-of-configuring-data-views-for-customer-journey-analytics.md
        + panels-overview-panels-overview.md
        + participation-metrics.md
        + perform-advanced-analysis.md
        + perform-basic-analysis.md
        + persistence-component-settings-persistence-component-settings.md
        + prepare-your-organization-to-upgrade-to-customer-journey-analytics.md
        + preview-dimensions.md
        + processing-rules-vista-and-classifications-versus-data-prep.md
        + product-analysis-in-customer-journey-analytics.md
        + product-usage-data-settings-product-usage-data-settings.md
        + product-usage-overview.md
        + projects-overview.md
        + quantum-metric-integration-use-cases.md
        + query-service-data-distiller-export-datasets.md
        + quick-insights-panel-quick-insights-panel.md
        + quick-segments-2.md
        + quick-segments.md
        + quick-start-guide-2.md
        + quick-start-guide.md
        + read-only-projects.md
        + real-time-reporting-overview.md
        + release-impact-analysis-release-impact.md
        + report-builder-for-customer-journey-analytics.md
        + report-builder-overview.md
        + report-on-google-analytics-data.md
        + report-on-llm-and-ai-generated-traffic.md
        + reporting-activity-manager-overview.md
        + request-stitching.md
        + restricted-labels-in-report-builder.md
        + retention-analysis-retention.md
        + rolling-date-ranges-in-segments-rolling-date-ranges-in-segments.md
        + row-and-column-settings-in-freeform-tables.md
        + row-settings.md
        + save-projects-save-projects.md
        + scatter-scatter.md
        + schedule-customer-journey-analytics-workbooks-using-report-builder.md
        + schedule-workbooks-by-exporting-to-cloud-destinations.md
        + schedule-workbooks-by-sharing-through-email.md
        + scheduled-projects.md
        + section-header-section-header.md
        + segmentation-overview.md
        + segmented-metrics.md
        + select-a-data-view.md
        + select-a-date-range.md
        + send-and-schedule-projects.md
        + sequential-segmentation-in-adobe-analytics-sequential-segmentation-in-adobe-analytics.md
        + sequential-segments.md
        + session-settings-session-settings.md
        + set-up-executive-users-to-use-dashboards.md
        + setup-for-b2b-edition-use-cases.md
        + share-calculated-metrics.md
        + share-projects-share-projects.md
        + share-segments.md
        + share-with-anyone-in-analysis-workspace.md
        + shared-component-editor.md
        + shared-devices.md
        + shared-metrics-dimensions-overview.md
        + single-dimension-ranked.md
        + sort.md
        + standalone-configuration.md
        + standard-component-reference.md
        + statistical-techniques-2.md
        + statistical-techniques.md
        + step-1-get-started-with-the-upgrade-to-customer-journey-analytics.md
        + step-2-choose-your-upgrade-path.md
        + step-3-send-data-to-adobe-experience-platform-when-upgrading.md
        + step-4-retain-historical-data-when-upgrading.md
        + stitching-overview.md
        + substring-component-settings-substring-component-settings.md
        + summary-data-group-component-settings-summary-data-group-component-settings.md
        + summary-data.md
        + summary-number-and-change.md
        + table-of-contents.md
        + tag-calculated-metrics.md
        + tag-segments.md
        + target-reporting.md
        + text-text-visualization.md
        + tie-quantum-metric-session-replays-to-data-in-customer-journey-analytics.md
        + time-parting-dimensions.md
        + timeline-analysis-timeline.md
        + totals-workspace-totals.md
        + training-tutorial-template-in-analysis-workspace.md
        + transfer-assets.md
        + transform-datasets-for-b2b-lookups.md
        + transformations.md
        + transition-from-the-analytics-source-connector-to-the-web-sdk-for-customer-journey-analytics-transition-from-source-connector.md
        + transition-guide.md
        + transitioning-from-google-analytics-4-to-customer-journey-analytics.md
        + treemap-treemap.md
        + trends-analysis-trends.md
        + troubleshoot-failed-exports.md
        + understand-adobe-analytics-feature-support-when-upgrading-to-customer-journey-analytics-feature-support-upgrade.md
        + understand-features-unique-to-customer-journey-analytics-feature-support-upgrade.md
        + understand-web-sdk-implementation-options-when-upgrading-to-customer-journey-analytics-web-sdk-implementation-options.md
        + understand-your-adobe-analytics-implementation-and-how-it-affects-your-upgrade-to-customer-journey-analytics-implementation-affects-upgrade.md
        + understanding-how-customer-journey-analytics-uses-identity.md
        + upgrade-alternative-send-your-data-layer-to-customer-journey-analytics-data-collection-data-layer.md
        + upgrade-alternative-use-appmeasurement-data-collection-with-the-experience-platform-web-sdk-and-customer-journey-analytics-data-collection-appmeasurement.md
        + upgrade-alternative-use-the-analytics-source-connector-exclusively-to-upgrade-to-customer-journey-analytics-use-source-connector-exclusively.md
        + upgrade-from-a-third-party-analytics-solution-to-customer-journey-analytics-upgrade-from-third-party.md
        + upgrade-from-adobe-analytics-to-customer-journey-analytics.md
        + use-adobe-analytics-report-suite-data.md
        + use-arrays-of-objects.md
        + use-binding-dimensions-and-metrics.md
        + use-components-in-a-project.md
        + use-date-range-names-to-filter.md
        + use-derived-fields-to-report-on-goals.md
        + use-dimension-values-to-segment.md
        + use-functions.md
        + use-marketing-channel-dimensions.md
        + use-quantum-metric-heatmaps-with-customer-journey-analytics.md
        + use-real-time-reporting-use-real-time-reporting.md
        + use-segment-names-to-segment.md
        + use-segments-as-dimensions-in-analysis-workspace-projects.md
        + use-summary-data.md
        + use-templates.md
        + use-the-data-dictionary.md
        + user-guide-for-adobe-analytics-users.md
        + user-preferences.md
        + using-date-ranges-and-comparisons-in-analysis-workspace.md
        + using-drop-down-filters-in-analysis-workspace-using-drop-down-filters-in-analysis-workspace.md
        + validate-stitching.md
        + validate-that-data-is-flowing-to-customer-journey-analytics-validate-data.md
        + value-bucketing-component-settings-value-bucketing-component-settings.md
        + venn-diagram-visualization-in-analysis-workspace.md
        + venn-venn.md
        + view-anomalies.md
        + view-component-information.md
        + view-density.md
        + view-reporting-activity-view-reporting-activity.md
        + view-trended-data-for-a-freeform-table.md
        + view-troubleshoot-and-modify-connection-settings.md
        + virtual-report-suites-data-views-adobe-experience-platform-sandboxes-and-the-analytics-source-connector.md
        + visualization-color-palettes-visualization-color-palettes.md
        + visualizations-overview.md
        + visualizations.md
        + visualize-data-with-data-insights-agent-2.md
        + visualize-data-with-data-insights-agent.md
        + what-is-customer-journey-analytics.md
        + why-ga4-and-customer-journey-analytics-data-differs.md
        + work-with-dimensions-in-a-freeform-table.md
        + work-with-segments.md
        + working-with-data-in-customer-journey-analytics.md

### Target_Consolidado.md
    Linhas: 47408 -> 49319 (delta 1911)
    Bytes : 3397757 -> 3398374 (delta 617)
    Linhas adicionadas: 3289 | removidas: 1378
    Arquivos novos/alterados presentes no consolidado novo:
        + acessar-o-target-pela-adobe-experience-cloud-2734c929.md
        + acesso-aos-tokens-de-resposta-86fc2b42.md
        + adicionar-experiência-a724fcbd.md
        + adicionar-promoções-9f14538a.md
        + administrar-visão-geral-do-target-ec597ea9.md
        + adobe-analytics-como-origem-de-relatório-do-adobe-target-a4t-24b0e7ce.md
        + adobe-analytics-for-target-a4t-fazendo-logon-no-experience-platform-web-sdk-cdc5a389.md
        + adobe-analytics-for-target-a4t-fazendo-logon-no-experience-platform-web-sdk-f5106885.md
        + adobe-target-434039db.md
        + adobe-target-bulk-profile-update-api-99f3a74c.md
        + adobe-target-models-api-e0068dba.md
        + adobe-target-servidor-mcp-target-mcp-dc3a6590.md
        + adobe-target-single-profile-update-api-f25be675.md
        + adobetargetapplyofferoptions-6e24fce0.md
        + adobetargetapplyoffersoptions-atjs-2x-9c98f761.md
        + adobetargetgetofferoptions-2619266a.md
        + adobetargetgetoffers-atjs-2x-c24880f9.md
        + adobetargetsendnotificationsoptions-9863f621.md
        + adobetargettrackeventoptions-d93268c6.md
        + adobetargettriggerview-viewname-options-atjs-2x-4acf7909.md
        + aem-content-fragments-74e26780.md
        + aem-experience-fragments-d31f04e7.md
        + afinidade-de-categorias-6109703d.md
        + algoritmo-random-forest-2d79c3a4.md
        + alterações-de-documentação-a38aaf27.md
        + alterações-na-criptografia-do-tls-transport-layer-security-ff3eff94.md
        + ambientes-e013d201.md
        + antes-da-implementação-ebc7bb93.md
        + antes-de-implementar-o-analytics-for-target-a4t-com-a-atjs-bf1a5bf2.md
        + api-de-administração-do-adobe-target-d9370be1.md
        + api-de-atualização-de-perfil-em-massa-22eab125.md
        + api-de-atualização-de-perfil-único-b3b30d0c.md
        + aplicar-um-relatório-de-público-alvo-a-uma-métrica-de-sucesso-dd71ef0d.md
        + aplicativo-de-página-única-spa-no-visual-experience-composer-c1cfa323.md
        + apple-intelligent-tracking-prevention-itp-2x-8f4f4961.md
        + artefato-da-regra-de-decisão-no-dispositivo-676561bf.md
        + ativar-conteúdo-misto-no-navegador-88c9dc4b.md
        + atividade-multipáginas-63d6995e.md
        + atividades-do-recommendations-classic-versus-recommendations-no-target-premium-46c89057.md
        + atributos-da-entidade-5b9a8b4c.md
        + atributos-de-entidade-personalizados-75a822ae.md
        + atributos-de-perfil-de-script-44544138.md
        + atributos-de-perfil-na-página-e40640f2.md
        + atributos-do-cliente-0d8b429a.md
        + atributos-do-cliente-0f2792d3.md
        + atributos-do-perfil-30e7c3a3.md
        + atualizar-perfis-3f994a21.md
        + atualização-da-atjs-1-x-para-atjs-2-x-37e9c5c3.md
        + atualizações-do-status-do-sistema-e-notificações-proativas-2bd6a9c8.md
        + aumento-e-confiança-perguntas-frequentes-sobre-o-a4t-7a6b1028.md
        + aumento-estimado-na-receita-2cec521a.md
        + auto-allocate-fornece-resultados-de-teste-mais-rápidos-e-receita-maior-do-que-um-teste-manual-63ccc774.md
        + auto-target-perguntas-frequentes-e-solução-de-problemas-5b8760e7.md
        + auto-target-summary-report-d1f5d6d6.md
        + automated-personalization-ap-9da785e7.md
        + baixando-armazenando-e-atualizando-automaticamente-o-artefato-de-regra-por-meio-do-sdk-adobe-target-a382560a.md
        + baixar-armazenar-e-atualizar-o-artefato-da-regra-por-meio-da-carga-json-c83cf13f.md
        + basear-a-recomendação-em-uma-chave-de-recomendação-5cd63117.md
        + biblioteca-do-target-5cf6ed20.md
        + bookmarklet-de-controle-de-qualidade-da-atividade-bbadd545.md
        + browser-152ad38a.md
        + capítulo-1-introdução-5aef1089.md
        + capítulo-2-principais-características-do-adobe-target-6d54ee7f.md
        + capítulo-3-desenvolver-ideias-de-teste-e-personalização-b083572a.md
        + capítulo-4-dicas-para-usar-o-target-f0041a30.md
        + capítulo-5-inspiração-para-atividades-de-teste-e-personalização-a8061dae.md
        + capítulo-6-armadilhas-que-podem-ser-evitadas-facilmente-5949787d.md
        + capítulo-7-criar-e-executar-a-primeira-atividade-do-target-cc605ad7.md
        + capítulo-8-comunicar-os-resultados-da-atividade-2a013fc9.md
        + capítulo-9-próximas-etapas-e-recursos-c18b3321.md
        + carregar-dados-para-os-algoritmos-de-personalização-do-target-8177506f.md
        + catalog-search-6dece71d.md
        + categorias-para-públicos-c8162c15.md
        + cenários-de-modificação-da-página-1dba7b8c.md
        + classificações-perguntas-frequentes-sobre-o-a4t-3a8add1c.md
        + cname-e-target-b539fee8.md
        + coleções-31fded18.md
        + combinar-vários-públicos-46069275.md
        + como-a-atjs-funciona-001d5a3b.md
        + como-a-atjs-gerencia-a-cintilação-27ba85e7.md
        + como-implantar-a-atjs-66a15e0d.md
        + como-o-adobe-target-funciona-7c0fe9f0.md
        + comparar-a-biblioteca-atjs-com-a-adobe-experience-platform-web-sdk-47bba26f.md
        + compartilhamento-de-métricas-segmentos-e-relatórios-perguntas-frequentes-sobre-o-a4t-90c5fd3f.md
        + compreensão-da-interface-do-target-8e77b374.md
        + conceder-acesso-às-integrações-do-adobe-io-para-espaços-de-trabalho-e-atribuir-funções-0b36f1df.md
        + configurar-autenticação-para-adobe-target-apis-ae8cfcf4.md
        + configurar-coleção-de-dados-5c1787a7.md
        + configurar-o-visual-experience-composer-e0ba9af7.md
        + configurar-relatórios-do-a4t-em-analysis-workspace-para-auto-allocate-atividades-0305be3f.md
        + configurar-relatórios-do-a4t-em-analysis-workspace-para-auto-target-atividades-fe5d11e3.md
        + configurar-relatórios-em-target-340986aa.md
        + configuração-de-permissões-empresariais-f1db3202.md
        + configuração-do-dynamic-media-classic-antigo-scene7-49b9fc2b.md
        + configurações-da-api-de-perfil-df3f80f2.md
        + configurações-de-atividade-6ccfd5a3.md
        + configurações-de-atividade-do-recommendations-bfe7d579.md
        + configurações-de-atividade-perguntas-frequentes-sobre-o-a4t-7e4079b4.md
        + configurações-do-relatório-e21963c2.md
        + conflitos-de-atividades-1ed2e35b.md
        + controle-de-qualidade-da-atividade-c1a2bc0a.md
        + cookies-do-atjs-bf894e09.md
        + correspondência-de-atributo-de-perfil-12c04290.md
        + correspondência-de-atributos-de-entidade-e1e41fa6.md
        + criar-combinações-ae195825.md
        + criar-critérios-1ae450a0.md
        + criar-experiência-em-atividades-do-experience-targeting-xt-12dee41b.md
        + criar-ofertas-de-redirecionamento-160ebe4e.md
        + criar-ofertas-json-89a46314.md
        + criar-ofertas-remotas-9ec59f88.md
        + criar-pastas-de-ofertas-3a164260.md
        + criar-públicos-alvo-d00a7bc3.md
        + criar-públicos-em-target-0b939be1.md
        + criar-sequências-de-critérios-37135796.md
        + criar-um-design-c6d6df4a.md
        + criar-um-público-alvo-com-apenas-uma-atividade-edb8b29c.md
        + criar-um-público-alvo-de-comparação-do-atributo-de-perfil-1557e2b3.md
        + criar-um-teste-multivariado-e09ec3f9.md
        + criar-uma-atividade-auto-allocate-fb5b8b74.md
        + criar-uma-atividade-auto-target-c0dd9ebb.md
        + criar-uma-atividade-automated-personalization-cc7af467.md
        + criar-uma-atividade-de-teste-ab-bbf15753.md
        + criar-uma-atividade-experience-targeting-xt-0eb3b9ea.md
        + criar-uma-atividade-recommendations-14961e89.md
        + criteria-3ec42a88.md
        + cálculos-estatísticos-em-testes-abn-c70a40db.md
        + dados-usados-por-algoritmos-de-aprendizado-de-máquina-do-target-ce436298.md
        + decisão-no-dispositivo-para-atjs-18b847b6.md
        + definir-configurações-para-recommendations-33de178f.md
        + definir-métricas-73ea708f.md
        + definições-de-métricas-perguntas-frequentes-sobre-o-a4t-061b4c09.md
        + depurar-a-atjs-usando-o-adobe-experience-cloud-debugger-3df40a83.md
        + detalhes-da-versão-da-atjs-f94c22d7.md
        + dez-erros-comuns-em-testes-ab-e-como-evitá-los-810d9c25.md
        + direcionamento-de-público-74e540c7.md
        + diretivas-da-política-de-segurança-de-conteúdo-csp-58d01211.md
        + dispositivo-móvel-c7459128.md
        + download-de-dados-em-um-arquivo-csv-36e30a6b.md
        + duração-do-perfil-do-visitante-16ef1039.md
        + editar-uma-atividade-b6ac891b.md
        + email-implementação-de-target-c077a2a4.md
        + endereços-ip-usados-por-recommendations-servidores-de-processamento-de-feed-38a9a108.md
        + entender-como-a-atjs-20-do-adobe-target-funciona-460b3367.md
        + entidades-55884edf.md
        + envio-de-parâmetros-para-uma-mbox-global-4eb0256a.md
        + estimar-o-tráfego-necessário-para-uma-atividade-multivariate-test-bem-sucedida-4248ebc7.md
        + estimativa-de-tráfego-exigido-para-o-sucesso-418f63bd.md
        + eventos-personalizados-da-atjs-81a1ef02.md
        + excluir-valores-extremos-0e3a89f8.md
        + exclusões-cda86825.md
        + exemplo-de-artefato-de-regra-a7173698.md
        + exibir-várias-métricas-em-um-relatório-e34f4b4d.md
        + exibição-de-relatórios-perguntas-frequentes-sobre-o-a4t-e1ec6659.md
        + exigências-de-permissão-do-usuário-bbc140e6.md
        + experience-composer-baseado-em-formulário-ea65aa02.md
        + experience-targeting-xt-6f39ceb8.md
        + experiências-e-ofertas-c5955836.md
        + extensão-auxiliar-do-visual-experience-composer-9f104eb7.md
        + extensão-visual-editing-helper-16d20d2c.md
        + feeds-124e3bf1.md
        + fontes-de-tráfego-ab513041.md
        + fragmentos-de-experiência-e-conteúdo-do-aem-be874a13.md
        + funções-da-atjs-803b70b5.md
        + geografia-bb0ac320.md
        + gerenciamento-do-usuário-d22e555c.md
        + gerenciar-exclusões-e5d764ab.md
        + glossário-de-variáveis-e-perfis-d39777df.md
        + guia-do-desenvolvedor-do-adobe-target-c7a9d9c2.md
        + guia-do-profissional-de-negócios-do-adobe-target-84d5e9e3.md
        + habilitar-adobe-experience-platform-ai-assistant-em-adobe-target-b5c04b26.md
        + hosts-04eee173.md
        + implantação-híbrida-do-adobe-target-ca926fef.md
        + implementar-a-atjs-20-do-adobe-target-em-um-aplicativo-de-página-única-spa-f7a55e7e.md
        + implementar-o-target-ded78efc.md
        + implementar-o-target-sem-um-gerenciador-de-tags-e4328a2a.md
        + implementar-o-targetusando-a-adobe-experience-platform-60557c3d.md
        + implementar-provedores-de-dados-para-integrar-dados-de-terceiros-ao-adobe-target-412dcbc4.md
        + implementação-de-aplicativos-de-página-única-fed3f5bf.md
        + implementação-do-analytics-para-target-58582a6a.md
        + implementação-do-aplicativo-de-página-única-c3e3c41b.md
        + implementação-híbrida-513e0489.md
        + incluir-a-mesma-experiência-em-páginas-semelhantes-c634dd52.md
        + incluir-na-lista-de-permissões-target-nós-de-borda-d5b46534.md
        + inicializar-sdks-d9639df4.md
        + instalar-o-java-sdk-56ee48c0.md
        + instalar-o-net-sdk-e4b70a6c.md
        + instalar-o-python-sdk-75a123e8.md
        + instale-o-node-js-sdk-ae265abe.md
        + integrar-com-a-real-time-customer-data-platform-8ffea4fc.md
        + integrar-o-target-ao-adobe-campaign-b418f55b.md
        + integrar-target-a-adobe-audience-manager-aam-1f9c812e.md
        + integração-herdada-do-sitecatalyst-ao-testtarget-perguntas-frequentes-sobre-o-a4t-e188cabd.md
        + integrações-da-atjs-50fbd9a2.md
        + interpretar-relatórios-de-auto-allocate-f139e528.md
        + introdução-ao-servidor-mcp-adobe-target-target-mcp-get-started-8cc1fb3f.md
        + introdução-ao-target-e04fed40.md
        + introdução-aos-target-sdks-3630c600.md
        + introdução-à-api-de-entrega-do-adobe-target-3ebc9ad7.md
        + kit-de-boas-vindas-do-adobe-target-e608144d.md
        + lado-do-servidor-implementar-o-target-3018a963.md
        + limites-8aa205ae.md
        + log-de-alterações-da-atividade-72ba2ae8.md
        + logon-do-lado-do-cliente-para-dados-a4t-no-experience-platform-web-sdk-27a99aeb.md
        + logon-do-lado-do-servidor-para-dados-a4t-em-experience-platform-web-sdk-18fd1ead.md
        + mboxcreatemboxparams-atjs-1x-98689d40.md
        + mboxdefine-e-mboxupdate-atjs-1x-fc3db8d9.md
        + metas-e-configurações-b8acc75e.md
        + metas-e-configurações-multivariate-test-d49357a1.md
        + metas-e-configurações-nas-atividades-de-experience-targeting-xt-b40de8da.md
        + modelos-de-experiência-7b4288db.md
        + modificações-607a606e.md
        + multivariate-test-práticas-recomendadas-d0a58e33.md
        + navegadores-compatíveis-ad2b808b.md
        + notas-de-versão-do-target-atuais-4f345b28.md
        + notas-de-versão-do-target-pré-lançamento-cedcfc81.md
        + notas-de-versão-para-versões-anteriores-62f56a4a.md
        + notificar-target-80d4e7d3.md
        + oferecer-grupos-de-relatório-em-automated-personalization-7658d88b.md
        + ofertas-38f3afe1.md
        + ofertas-de-redirecionamento-perguntas-frequentes-sobre-o-a4t-1021c80e.md
        + ofertas-do-target-automated-personalization-214ed187.md
        + painel-do-adobe-target-insights-9b07039d.md
        + parameter-matching-aef5034b.md
        + parâmetros-da-página-e1735055.md
        + parâmetros-personalizados-a6d98a8f.md
        + perfil-do-visitante-67ef73f7.md
        + perfis-do-visitante-64161aed.md
        + perguntas-e-respostas-sobre-design-ba9e620b.md
        + perguntas-frequentes-de-geração-de-relatórios-9d8c18b3.md
        + perguntas-frequentes-do-recomendações-f2677e72.md
        + perguntas-frequentes-sobre-a-mbox-global-5305a2ba.md
        + perguntas-frequentes-sobre-atjs-53a91bde.md
        + perguntas-frequentes-sobre-atualização-da-interface-do-usuário-do-target-01f05535.md
        + perguntas-frequentes-sobre-direcionamentos-e-públicos-e47c7baa.md
        + perguntas-frequentes-sobre-o-automated-personalization-5d6cd55c.md
        + perguntas-frequentes-sobre-o-target-for-mobile-apps-9dc2a9f1.md
        + perguntas-frequentes-sobre-otimização-e-personalização-do-target-229cfbd3.md
        + permissões-de-usuário-empresarial-3cff23e6.md
        + personalizar-um-design-usando-o-velocity-e43391ae.md
        + personalizar-uma-mbox-global-c9698c35.md
        + personalization-insights-relatórios-1a77a795.md
        + pesquisar-e-filtrar-conteúdo-0a1f29a5.md
        + planejar-e-implementar-o-recommendations-1156f299.md
        + planejar-e-implementar-o-recommendations-dd277b2e.md
        + políticas-de-cookies-do-google-chrome-para-samesite-8752ae62.md
        + por-quanto-tempo-você-deve-executar-um-teste-ab-a8733a52.md
        + preparação-para-implementar-o-target-0d5853d5.md
        + primeiros-passos-do-administrador-d435b35e.md
        + prioridade-379c4427.md
        + privacidade-3a6609f2.md
        + privacidade-e-regulamentos-sobre-proteção-de-dados-7b5ba6b0.md
        + provedores-de-dados-145f0f97.md
        + provisionamento-inicial-perguntas-frequentes-sobre-o-a4t-d4b4429b.md
        + práticas-recomendadas-e-limitações-do-visual-experience-composer-bff1cd48.md
        + pré-visualizar-e-iniciar-atividade-do-recomendações-ab63c2d6.md
        + páginas-do-site-d10e9709.md
        + públicos-alvo-16069ec0.md
        + públicos-alvo-da-experience-cloud-cd7a6b25.md
        + rastreamento-de-cliques-ce379cbe.md
        + recomendações-26748b64.md
        + recommendations-como-uma-oferta-a3cce0d3.md
        + recursos-com-suporte-para-decisão-no-dispositivo-373779ce.md
        + recursos-e-informações-de-contato-4fd5394a.md
        + rede-293929c3.md
        + redirecionar-para-um-url-8c7c097d.md
        + referência-de-ferramentas-do-servidor-mcp-adobe-target-target-mcp-tools-reference-4fe27d11.md
        + registerextension-atjs-1x-21500cdb.md
        + relatório-de-atributos-importantes-1ac44282.md
        + relatório-de-automated-segments-32e07fae.md
        + relatório-experience-performance-mvt-3a10d520.md
        + relatório-location-contribution-mvt-d4a4fb95.md
        + relatórios-de-resumo-de-automated-personalization-b2aa5705.md
        + relatórios-do-a4t-3296af99.md
        + relatórios-do-analytics-for-adobe-target-a4t-aa9fabae.md
        + relatórios-do-analytics-for-target-a4t-b813f5a9.md
        + relatórios-e-auto-target-f01a574b.md
        + relatórios-eee10774.md
        + renderizar-experiências-010516d0.md
        + resumo-do-teste-multivariate-test-55e3218f.md
        + sdk-da-web-da-adobe-experience-platform-5a57103c.md
        + sdk-da-web-da-adobe-experience-platform-daf51f9c.md
        + sdks-e-apis-do-adobe-target-a45a440b.md
        + selecione-o-controle-para-sua-atividade-automated-personalization-ou-auto-target-d8c00553.md
        + seletores-de-elementos-usados-no-visual-experience-composer-90367145.md
        + seleção-do-público-alvo-233facbc.md
        + servidor-mcp-adobe-target-casos-de-uso-e-apresentações-target-mcp-use-cases-82a99d4d.md
        + sincronização-de-perfil-em-tempo-real-para-mbox3rdpartyid-fdc2eef9.md
        + sistema-operacional-dcc45f65.md
        + solução-de-problemas-automated-personalization-9b7a5e9b.md
        + solução-de-problemas-da-integração-do-analytics-e-do-target-a4t-4aaae28e.md
        + solução-de-problemas-de-atividades-1c2ba5b3.md
        + solução-de-problemas-de-gerenciamento-de-usuários-d95d18ac.md
        + solução-de-problemas-do-target-417beb5b.md
        + solução-de-problemas-do-visual-experience-composer-e-no-enhanced-experience-composer-15a971b5.md
        + solução-de-problemas-relacionados-ao-adobe-target-visual-experience-composer-e-enhanced-experience-composer-de181bc7.md
        + solução-de-problemas-relacionados-ao-enhanced-experience-composer-0ca3d939.md
        + solução-de-problemas-relacionados-ao-visual-experience-composer-d5ae6dd0.md
        + soluções-de-problemas-da-entrega-de-conteúdo-16b03644.md
        + static-filter-e09da726.md
        + success-metrics-5b809f32.md
        + suporte-do-a4t-para-atividades-de-auto-allocate-e-auto-target-6e1199cc.md
        + target-para-aplicativos-móveis-4198844f.md
        + target-relatórios-em-adobe-customer-journey-analytics-702587ff.md
        + targetglobalsettings-3f9f6b9b.md
        + targetpageparams-ec4ee06f.md
        + targetpageparamsall-f2193ddf.md
        + teste-aa-08c6d543.md
        + time-frame-3b75c58e.md
        + tipos-de-atividade-do-target-941f19b0.md
        + tokens-de-resposta-bfc20a17.md
        + trabalhar-com-atributos-de-vários-valores-61cc7b9a.md
        + trabalhar-com-conteúdo-na-biblioteca-asset-060d7c85.md
        + trabalhar-com-redirecionadores-7bd40c51.md
        + treinamento-e-certificado-fa25b056.md
        + tutoriais-do-adobe-target-c34f89d4.md
        + upload-dos-critérios-personalizados-72cf7227.md
        + url-da-atividade-05d8c106.md
        + url-da-atividade-1831aaa3.md
        + url-da-atividade-em-experience-targeting-xt-atividades-4462bb72.md
        + usando-dados-de-adobe-analytics-c1a6bf88.md
        + usar-adobe-analytics-com-recommendations-9f928224.md
        + usar-decisões-de-oferta-9fd52398.md
        + usar-instâncias-baseadas-em-nuvem-com-target-1abeeafb.md
        + usar-provedores-de-dados-para-integrar-dados-de-terceiros-ao-adobe-target-7881ce9e.md
        + usar-um-servidor-de-rastreamento-do-analytics-380c7069.md
        + usar-uma-recomendação-de-backup-feb91ca6.md
        + use-o-ai-assistant-no-adobe-target-para-saber-mais-sobre-o-produto-dcea7122.md
        + user-agent-e-client-hints-cee6ab62.md
        + uso-das-regras-de-inclusão-estática-e-dinâmica-d7cc73a2.md
        + uso-do-visual-experience-composer-para-aplicativos-de-página-única-spa-vec-no-adobe-target-f1cfa12f.md
        + usuários-356944ce.md
        + variações-de-dados-esperadas-entre-o-adobe-target-e-o-adobe-analytics-ao-usar-e-não-usar-a4t-84867c71.md
        + visores-móveis-para-experiências-responsivas-591264bf.md
        + visual-experience-composer-alterado-09946352.md
        + visual-experience-composer-opções-c0124408.md
        + visual-experience-composer-vec-1a488450.md
        + visualizar-experiências-em-automated-personalization-atividades-no-visual-experience-composer-vec-c9de16d0.md
        + visualizar-experiências-para-um-multivariate-test-ed0815d7.md
        + visualização-móvel-de-target-329e9253.md
        + visão-geral-da-api-de-entrega-12255cf1.md
        + visão-geral-da-api-de-modelos-2323f873.md
        + visão-geral-da-api-do-adobe-recommendations-5b36f31e.md
        + visão-geral-da-api-do-target-ffc80823.md
        + visão-geral-da-biblioteca-javascript-do-atjs-3289b053.md
        + visão-geral-da-biblioteca-javascript-do-atjs-64c9416f.md
        + visão-geral-da-decisão-no-dispositivo-0bf1fd1c.md
        + visão-geral-da-decisão-no-dispositivo-a5aa42b3.md
        + visão-geral-da-documentação-e-dos-recursos-do-target-b769078b.md
        + visão-geral-da-segurança-do-target-9c2a7926.md
        + visão-geral-das-adobe-target-profiles-api-abf694e2.md
        + visão-geral-das-atividades-140659ec.md
        + visão-geral-das-auto-allocate-20067a22.md
        + visão-geral-das-auto-target-12c97e0c.md
        + visão-geral-das-multivariate-test-4a87bce5.md
        + visão-geral-de-adobe-experience-platform-ai-assistant-e6f6b30c.md
        + visão-geral-do-aem-experience-fragments-e-content-fragments-94614737.md
        + visão-geral-do-artefato-da-regra-98d272c5.md
        + visão-geral-do-design-594de780.md
        + visão-geral-do-java-sdk-b3dabbb0.md
        + visão-geral-do-net-sdk-3aba7461.md
        + visão-geral-do-padrão-de-implementação-recommendations-usando-atjs-1c2ca70d.md
        + visão-geral-do-python-sdk-a5510da8.md
        + visão-geral-do-sdk-nodejs-beb87496.md
        + visão-geral-do-teste-ab-1964cd30.md
        + visão-geral-dos-aplicativos-de-exemplo-d2f83acc.md
        + visão-geral-dos-métodos-e8826049.md
        + visão-geral-dos-recursos-compatíveis-2b4c3629.md
        + visão-geral-implementar-o-target-para-web-no-lado-do-cliente-b7e524fb.md
        + vários-públicos-alvo-de-uma-experiência-em-um-teste-ab-1af015b6.md
        + vídeos-de-treinamento-do-adobe-target-standard-e-premium-86e5cba6.md

============================================================
 Processo concluido.
============================================================
