url,status,detalhe,timestamp_utc
https://developer.adobe.com/commerce/extensibility,saved,output/developer-adobe-com__commerce__extensibility.md,2026-07-01T18:18:40.800069+00:00
https://developer.adobe.com/commerce/extensibility/events,saved,output/developer-adobe-com__commerce__extensibility__events.md,2026-07-01T18:18:42.579429+00:00
https://developer.adobe.com/commerce/webapi,saved,output/developer-adobe-com__commerce__webapi.md,2026-07-01T18:18:43.641554+00:00
https://developer.adobe.com/commerce/services,saved,output/developer-adobe-com__commerce__services.md,2026-07-01T18:18:44.714803+00:00
https://developer.adobe.com/commerce/frontend-core,saved,output/developer-adobe-com__commerce__frontend-core.md,2026-07-01T18:18:45.785745+00:00
https://developer.adobe.com/commerce/php,saved,output/developer-adobe-com__commerce__php.md,2026-07-01T18:18:46.809651+00:00
https://developer.adobe.com/commerce/testing,saved,output/developer-adobe-com__commerce__testing.md,2026-07-01T18:18:47.881011+00:00
https://developer.adobe.com/commerce/contributor,saved,output/developer-adobe-com__commerce__contributor.md,2026-07-01T18:18:48.905700+00:00
https://developer.adobe.com/commerce/marketplace,saved,output/developer-adobe-com__commerce__marketplace.md,2026-07-01T18:18:50.049411+00:00
https://developer.adobe.com/commerce/extensibility/webhooks,saved,output/developer-adobe-com__commerce__extensibility__webhooks.md,2026-07-01T18:18:51.072633+00:00
https://developer.adobe.com/commerce/extensibility/app-development,saved,output/developer-adobe-com__commerce__extensibility__app-development.md,2026-07-01T18:18:52.130668+00:00
https://developer.adobe.com/commerce/extensibility/app-development/learning-path,saved,output/developer-adobe-com__commerce__extensibility__app-development__learning-path.md,2026-07-01T18:18:53.332234+00:00
https://developer.adobe.com/commerce/marketplace/guides/sellers/extensions,saved,output/developer-adobe-com__commerce__marketplace__guides__sellers__extensions.md,2026-07-01T18:18:54.359753+00:00
https://developer.adobe.com/commerce/webapi/rest/modules/custom-attributes,saved,output/developer-adobe-com__commerce__webapi__rest__modules__custom-attributes.md,2026-07-01T18:18:55.385349+00:00
https://developer.adobe.com/commerce/php/development,error,HTTP 404,2026-07-01T18:18:56.408505+00:00
https://developer.adobe.com/commerce/webapi/graphql/schema/attributes/mutations,saved,output/developer-adobe-com__commerce__webapi__graphql__schema__attributes__mutations.md,2026-07-01T18:18:56.426974+00:00
https://developer.adobe.com/commerce/webapi/graphql,saved,output/developer-adobe-com__commerce__webapi__graphql.md,2026-07-01T18:18:57.493993+00:00
https://developer.adobe.com/commerce/webapi/rest,saved,output/developer-adobe-com__commerce__webapi__rest.md,2026-07-01T18:18:58.566996+00:00
https://developer.adobe.com/commerce/extensibility/admin-ui-sdk,saved,output/developer-adobe-com__commerce__extensibility__admin-ui-sdk.md,2026-07-01T18:18:59.629933+00:00
https://developer.adobe.com/commerce/webapi/rest/reference,saved,output/developer-adobe-com__commerce__webapi__rest__reference.md,2026-07-01T18:19:00.822763+00:00
https://developer.adobe.com/commerce/php/development/components/web-api/services,saved,output/developer-adobe-com__commerce__php__development__components__web-api__services.md,2026-07-01T18:19:01.901985+00:00
https://developer.adobe.com/commerce/webapi/get-started,error,HTTP 404,2026-07-01T18:19:02.930087+00:00
https://developer.adobe.com/commerce/services/reporting,saved,output/developer-adobe-com__commerce__services__reporting.md,2026-07-01T18:19:03.060488+00:00
https://developer.adobe.com/commerce/services/product-recommendations,saved,output/developer-adobe-com__commerce__services__product-recommendations.md,2026-07-01T18:19:04.122859+00:00
https://developer.adobe.com/commerce/services/optimizer,saved,output/developer-adobe-com__commerce__services__optimizer.md,2026-07-01T18:19:05.309534+00:00
https://developer.adobe.com/commerce/services/shared-services/storefront-events,saved,output/developer-adobe-com__commerce__services__shared-services__storefront-events.md,2026-07-01T18:19:06.366096+00:00
https://developer.adobe.com/commerce/services/optimizer/data-ingestion,saved,output/developer-adobe-com__commerce__services__optimizer__data-ingestion.md,2026-07-01T18:19:07.456324+00:00
https://developer.adobe.com/commerce/frontend-core/ui-components,error,HTTP 404,2026-07-01T18:19:08.517608+00:00
https://developer.adobe.com/commerce/frontend-core/page-builder,error,HTTP 404,2026-07-01T18:19:08.530635+00:00
https://developer.adobe.com/commerce/frontend-core/javascript,error,HTTP 404,2026-07-01T18:19:08.546322+00:00
https://developer.adobe.com/commerce/frontend-core/guide,error,HTTP 404,2026-07-01T18:19:08.563069+00:00
https://developer.adobe.com/commerce/php/module-reference,error,HTTP 404,2026-07-01T18:19:08.577481+00:00
https://developer.adobe.com/commerce/php/best-practices,error,HTTP 404,2026-07-01T18:19:08.706232+00:00
https://developer.adobe.com/commerce/php/architecture,error,HTTP 404,2026-07-01T18:19:08.718787+00:00
https://developer.adobe.com/commerce/php/coding-standards,error,HTTP 404,2026-07-01T18:19:08.732077+00:00
https://developer.adobe.com/commerce/php/tutorials,error,HTTP 404,2026-07-01T18:19:08.743667+00:00
https://developer.adobe.com/commerce/testing/functional-testing-framework,error,HTTP 404,2026-07-01T18:19:08.756053+00:00
https://developer.adobe.com/commerce/testing/guide,error,HTTP 404,2026-07-01T18:19:08.767560+00:00
https://developer.adobe.com/commerce/contributor/guides,error,HTTP 404,2026-07-01T18:19:08.777425+00:00
https://developer.adobe.com/commerce/contributor/community,error,HTTP 404,2026-07-01T18:19:08.793297+00:00
https://developer.adobe.com/commerce/marketplace/guides/sellers/seller-overview,saved,output/developer-adobe-com__commerce__marketplace__guides__sellers__seller-overview.md,2026-07-01T18:19:08.931555+00:00
https://developer.adobe.com/commerce/marketplace/guides/sellers/before-you-begin,saved,output/developer-adobe-com__commerce__marketplace__guides__sellers__before-you-begin.md,2026-07-01T18:19:10.071655+00:00
https://developer.adobe.com/commerce/marketplace/guides/eqp/v1,error,HTTP 404,2026-07-01T18:19:11.210803+00:00
https://developer.adobe.com/commerce/marketplace/guides/sellers/subscriptions/buying-subscriptions,saved,output/developer-adobe-com__commerce__marketplace__guides__sellers__subscriptions__buying-subscriptions.md,2026-07-01T18:19:11.223086+00:00
https://developer.adobe.com/commerce/extensibility/webhooks/responses,saved,output/developer-adobe-com__commerce__extensibility__webhooks__responses.md,2026-07-01T18:19:12.362150+00:00
https://developer.adobe.com/commerce/extensibility/webhooks/api,saved,output/developer-adobe-com__commerce__extensibility__webhooks__api.md,2026-07-01T18:19:13.391551+00:00
https://developer.adobe.com/commerce/extensibility/webhooks/use-cases,saved,output/developer-adobe-com__commerce__extensibility__webhooks__use-cases.md,2026-07-01T18:19:14.421167+00:00
https://developer.adobe.com/commerce/extensibility/webhooks/hooks,saved,output/developer-adobe-com__commerce__extensibility__webhooks__hooks.md,2026-07-01T18:19:15.685018+00:00
https://developer.adobe.com/commerce/extensibility/webhooks/testing,saved,output/developer-adobe-com__commerce__extensibility__webhooks__testing.md,2026-07-01T18:19:16.727031+00:00
https://developer.adobe.com/commerce/extensibility/webhooks/commands,saved,output/developer-adobe-com__commerce__extensibility__webhooks__commands.md,2026-07-01T18:19:17.876979+00:00
https://developer.adobe.com/commerce/extensibility/webhooks/installation,saved,output/developer-adobe-com__commerce__extensibility__webhooks__installation.md,2026-07-01T18:19:19.016498+00:00
https://developer.adobe.com/commerce/extensibility/admin-ui-sdk/installation,saved,output/developer-adobe-com__commerce__extensibility__admin-ui-sdk__installation.md,2026-07-01T18:19:20.036136+00:00
https://developer.adobe.com/commerce/extensibility/app-development/best-practices/logging-troubleshooting,saved,output/developer-adobe-com__commerce__extensibility__app-development__best-practices__logging-troubleshooting.md,2026-07-01T18:19:21.059822+00:00
https://developer.adobe.com/commerce/extensibility/events/installation,saved,output/developer-adobe-com__commerce__extensibility__events__installation.md,2026-07-01T18:19:22.209354+00:00
https://developer.adobe.com/commerce/extensibility/admin-ui-sdk/extension-points,saved,output/developer-adobe-com__commerce__extensibility__admin-ui-sdk__extension-points.md,2026-07-01T18:19:23.233178+00:00
https://developer.adobe.com/commerce/extensibility/starter-kit/integration/create-integration,saved,output/developer-adobe-com__commerce__extensibility__starter-kit__integration__create-integration.md,2026-07-01T18:19:24.419661+00:00
https://developer.adobe.com/commerce/code-samples,saved,output/developer-adobe-com__commerce__code-samples.md,2026-07-01T18:19:25.452953+00:00
https://developer.adobe.com/commerce/marketplace/guides/sellers/extension-information,saved,output/developer-adobe-com__commerce__marketplace__guides__sellers__extension-information.md,2026-07-01T18:19:26.600586+00:00
https://developer.adobe.com/commerce/marketplace/guides/sellers/extension-version,saved,output/developer-adobe-com__commerce__marketplace__guides__sellers__extension-version.md,2026-07-01T18:19:27.622730+00:00
https://developer.adobe.com/commerce/marketplace/guides/sellers/extension-create,saved,output/developer-adobe-com__commerce__marketplace__guides__sellers__extension-create.md,2026-07-01T18:19:28.645477+00:00
https://developer.adobe.com/commerce/webapi/graphql/schema/attributes/mutations/set-custom-cart-item,saved,output/developer-adobe-com__commerce__webapi__graphql__schema__attributes__mutations__set-custom-cart-item.md,2026-07-01T18:19:29.671829+00:00
https://developer.adobe.com/commerce/webapi/graphql/schema/attributes/mutations/set-custom-cart,saved,output/developer-adobe-com__commerce__webapi__graphql__schema__attributes__mutations__set-custom-cart.md,2026-07-01T18:19:30.694764+00:00
https://developer.adobe.com/commerce/webapi/graphql/schema/attributes/mutations/set-custom-company,saved,output/developer-adobe-com__commerce__webapi__graphql__schema__attributes__mutations__set-custom-company.md,2026-07-01T18:19:31.718306+00:00
https://developer.adobe.com/commerce/webapi/graphql/schema/attributes/mutations/set-custom-credit-memo,saved,output/developer-adobe-com__commerce__webapi__graphql__schema__attributes__mutations__set-custom-credit-memo.md,2026-07-01T18:19:32.743788+00:00
https://developer.adobe.com/commerce/webapi/graphql/schema/attributes/mutations/set-custom-invoice,saved,output/developer-adobe-com__commerce__webapi__graphql__schema__attributes__mutations__set-custom-invoice.md,2026-07-01T18:19:33.767798+00:00
https://developer.adobe.com/commerce/webapi/graphql/schema/attributes/mutations/set-custom-negotiable-quote,saved,output/developer-adobe-com__commerce__webapi__graphql__schema__attributes__mutations__set-custom-negotiable-quote.md,2026-07-01T18:19:34.788381+00:00
https://developer.adobe.com/commerce/webapi/graphql/schema/attributes/mutations/set-custom-invoice-item,saved,output/developer-adobe-com__commerce__webapi__graphql__schema__attributes__mutations__set-custom-invoice-item.md,2026-07-01T18:19:35.810860+00:00
https://developer.adobe.com/commerce/webapi/graphql/schema/attributes/mutations/set-custom-credit-memo-item,saved,output/developer-adobe-com__commerce__webapi__graphql__schema__attributes__mutations__set-custom-credit-memo-item.md,2026-07-01T18:19:36.832096+00:00
https://developer.adobe.com/commerce/webapi/reference/graphql/saas,saved,output/developer-adobe-com__commerce__webapi__reference__graphql__saas.md,2026-07-01T18:19:37.853044+00:00
https://developer.adobe.com/commerce/webapi/graphql/schema/catalog-service/queries/products,saved,output/developer-adobe-com__commerce__webapi__graphql__schema__catalog-service__queries__products.md,2026-07-01T18:19:38.925883+00:00
https://developer.adobe.com/commerce/webapi/graphql/schema/live-search,saved,output/developer-adobe-com__commerce__webapi__graphql__schema__live-search.md,2026-07-01T18:19:39.960934+00:00
https://developer.adobe.com/commerce/webapi/graphql/schema/catalog-service,saved,output/developer-adobe-com__commerce__webapi__graphql__schema__catalog-service.md,2026-07-01T18:19:41.024183+00:00
https://developer.adobe.com/commerce/webapi/graphql/schema/catalog-service/queries/categories,saved,output/developer-adobe-com__commerce__webapi__graphql__schema__catalog-service__queries__categories.md,2026-07-01T18:19:42.100431+00:00
https://developer.adobe.com/commerce/webapi/graphql/schema/product-recommendations,saved,output/developer-adobe-com__commerce__webapi__graphql__schema__product-recommendations.md,2026-07-01T18:19:43.125182+00:00
https://developer.adobe.com/commerce/webapi/reference/graphql/2-4-8,saved,output/developer-adobe-com__commerce__webapi__reference__graphql__2-4-8.md,2026-07-01T18:19:44.201375+00:00
https://developer.adobe.com/commerce/webapi/reference/rest/saas,saved,output/developer-adobe-com__commerce__webapi__reference__rest__saas.md,2026-07-01T18:19:45.272460+00:00
https://developer.adobe.com/commerce/webapi/rest/authentication/server-to-server,saved,output/developer-adobe-com__commerce__webapi__rest__authentication__server-to-server.md,2026-07-01T18:19:46.307100+00:00
https://developer.adobe.com/commerce/webapi/get-started/authentication/gs-authentication-token,saved,output/developer-adobe-com__commerce__webapi__get-started__authentication__gs-authentication-token.md,2026-07-01T18:19:47.391707+00:00
https://developer.adobe.com/commerce/webapi/get-started/authentication,error,HTTP 404,2026-07-01T18:19:48.486565+00:00
https://developer.adobe.com/commerce/webapi/rest/authentication,saved,output/developer-adobe-com__commerce__webapi__rest__authentication.md,2026-07-01T18:19:48.498240+00:00
https://developer.adobe.com/commerce/webapi/get-started/authentication/gs-authentication-oauth,saved,output/developer-adobe-com__commerce__webapi__get-started__authentication__gs-authentication-oauth.md,2026-07-01T18:19:49.557941+00:00
https://developer.adobe.com/commerce/webapi/rest/authentication/user,saved,output/developer-adobe-com__commerce__webapi__rest__authentication__user.md,2026-07-01T18:19:50.600032+00:00
https://developer.adobe.com/commerce/webapi/reference/rest/paas,saved,output/developer-adobe-com__commerce__webapi__reference__rest__paas.md,2026-07-01T18:19:51.631638+00:00
https://developer.adobe.com/commerce/services/reporting/import-api,saved,output/developer-adobe-com__commerce__services__reporting__import-api.md,2026-07-01T18:19:52.660195+00:00
https://developer.adobe.com/commerce/services/reporting/export-api,saved,output/developer-adobe-com__commerce__services__reporting__export-api.md,2026-07-01T18:19:53.805974+00:00
https://developer.adobe.com/commerce/services/reporting/libraries,saved,output/developer-adobe-com__commerce__services__reporting__libraries.md,2026-07-01T18:19:54.834523+00:00
https://developer.adobe.com/commerce/services/optimizer/merchandising-services,saved,output/developer-adobe-com__commerce__services__optimizer__merchandising-services.md,2026-07-01T18:19:55.976540+00:00
https://developer.adobe.com/commerce/services/shared-services/storefront-events/sdk,saved,output/developer-adobe-com__commerce__services__shared-services__storefront-events__sdk.md,2026-07-01T18:19:57.038800+00:00
https://developer.adobe.com/commerce/pwa-studio/integrations/product-recommendations,error,HTTP 404,2026-07-01T18:19:58.096239+00:00
https://developer.adobe.com/commerce/services/shared-services/storefront-events/collector/verify,saved,output/developer-adobe-com__commerce__services__shared-services__storefront-events__collector__verify.md,2026-07-01T18:19:58.110764+00:00
https://developer.adobe.com/commerce/services/shared-services/storefront-events/collector,saved,output/developer-adobe-com__commerce__services__shared-services__storefront-events__collector.md,2026-07-01T18:19:59.258300+00:00
https://developer.adobe.com/commerce/services/shared-services/storefront-events/reference/storefront-events,saved,output/developer-adobe-com__commerce__services__shared-services__storefront-events__reference__storefront-events.md,2026-07-01T18:20:00.366178+00:00
https://developer.adobe.com/commerce/services/shared-services/implementation/tutorial,saved,output/developer-adobe-com__commerce__services__shared-services__implementation__tutorial.md,2026-07-01T18:20:01.423567+00:00
https://developer.adobe.com/commerce/services/reference/rest,saved,output/developer-adobe-com__commerce__services__reference__rest.md,2026-07-01T18:20:02.457825+00:00
https://developer.adobe.com/commerce/services/optimizer/data-ingestion/using-the-api,saved,output/developer-adobe-com__commerce__services__optimizer__data-ingestion__using-the-api.md,2026-07-01T18:20:03.516835+00:00
https://developer.adobe.com/commerce/marketplace/guides/sellers/account-setup,saved,output/developer-adobe-com__commerce__marketplace__guides__sellers__account-setup.md,2026-07-01T18:20:04.678515+00:00
https://developer.adobe.com/commerce/marketplace/guides/sellers/sales,saved,output/developer-adobe-com__commerce__marketplace__guides__sellers__sales.md,2026-07-01T18:20:05.828022+00:00
https://developer.adobe.com/commerce/marketplace/guides/sellers/submit-for-review,saved,output/developer-adobe-com__commerce__marketplace__guides__sellers__submit-for-review.md,2026-07-01T18:20:06.965466+00:00
https://developer.adobe.com/commerce/marketplace/guides/sellers/content,saved,output/developer-adobe-com__commerce__marketplace__guides__sellers__content.md,2026-07-01T18:20:07.989116+00:00
https://developer.adobe.com/commerce/marketplace/guides/sellers/submit-for-technical-review,saved,output/developer-adobe-com__commerce__marketplace__guides__sellers__submit-for-technical-review.md,2026-07-01T18:20:09.013640+00:00
https://developer.adobe.com/commerce/marketplace/guides/sellers/technical-review-guidelines,saved,output/developer-adobe-com__commerce__marketplace__guides__sellers__technical-review-guidelines.md,2026-07-01T18:20:10.040687+00:00
https://developer.adobe.com/commerce/marketplace/guides/sellers/submit-for-marketing-review,saved,output/developer-adobe-com__commerce__marketplace__guides__sellers__submit-for-marketing-review.md,2026-07-01T18:20:11.075935+00:00
https://developer.adobe.com/commerce/webapi/rest/tutorials/prerequisite-tasks,saved,output/developer-adobe-com__commerce__webapi__rest__tutorials__prerequisite-tasks.md,2026-07-01T18:20:12.103773+00:00
https://developer.adobe.com/commerce/extensibility/webhooks/tutorial/best-practices,saved,output/developer-adobe-com__commerce__extensibility__webhooks__tutorial__best-practices.md,2026-07-01T18:20:13.166060+00:00
https://developer.adobe.com/commerce/extensibility/webhooks/conditional-webhooks,saved,output/developer-adobe-com__commerce__extensibility__webhooks__conditional-webhooks.md,2026-07-01T18:20:14.362498+00:00
https://developer.adobe.com/commerce/extensibility/admin-ui-sdk/configuration,saved,output/developer-adobe-com__commerce__extensibility__admin-ui-sdk__configuration.md,2026-07-01T18:20:15.394678+00:00
https://developer.adobe.com/commerce/extensibility/admin-ui-sdk/eligible-extensions-config,saved,output/developer-adobe-com__commerce__extensibility__admin-ui-sdk__eligible-extensions-config.md,2026-07-01T18:20:16.424272+00:00
https://developer.adobe.com/commerce/extensibility/events/project-setup,saved,output/developer-adobe-com__commerce__extensibility__events__project-setup.md,2026-07-01T18:20:17.448268+00:00
https://developer.adobe.com/commerce/extensibility/admin-ui-sdk/publish,saved,output/developer-adobe-com__commerce__extensibility__admin-ui-sdk__publish.md,2026-07-01T18:20:18.480422+00:00
https://developer.adobe.com/commerce/extensibility/admin-ui-sdk/app-registration,saved,output/developer-adobe-com__commerce__extensibility__admin-ui-sdk__app-registration.md,2026-07-01T18:20:19.507386+00:00
https://developer.adobe.com/commerce/extensibility/events/configure-commerce,saved,output/developer-adobe-com__commerce__extensibility__events__configure-commerce.md,2026-07-01T18:24:16.987174+00:00
https://developer.adobe.com/commerce/marketplace/guides/sellers/developer-portal,saved,output/developer-adobe-com__commerce__marketplace__guides__sellers__developer-portal.md,2026-07-01T18:24:19.321266+00:00
https://developer.adobe.com/commerce/php/development/package/component,saved,output/developer-adobe-com__commerce__php__development__package__component.md,2026-07-01T18:24:20.351079+00:00
https://developer.adobe.com/commerce/marketplace/guides/sellers/marketing-review-guidelines,saved,output/developer-adobe-com__commerce__marketplace__guides__sellers__marketing-review-guidelines.md,2026-07-01T18:24:21.379340+00:00
https://developer.adobe.com/commerce/webapi/reference/graphql/saas/mutations,saved,output/developer-adobe-com__commerce__webapi__reference__graphql__saas__mutations.md,2026-07-01T18:24:22.677037+00:00
https://developer.adobe.com/commerce/webapi/graphql/schema/products/queries/products,saved,output/developer-adobe-com__commerce__webapi__graphql__schema__products__queries__products.md,2026-07-01T18:24:23.834133+00:00
https://developer.adobe.com/commerce/webapi/graphql/schema/live-search/queries/product-search,saved,output/developer-adobe-com__commerce__webapi__graphql__schema__live-search__queries__product-search.md,2026-07-01T18:24:24.913392+00:00
https://developer.adobe.com/commerce/webapi/graphql/schema,saved,output/developer-adobe-com__commerce__webapi__graphql__schema.md,2026-07-01T18:24:25.971739+00:00
https://developer.adobe.com/commerce/webapi/get-started/gs-curl,saved,output/developer-adobe-com__commerce__webapi__get-started__gs-curl.md,2026-07-01T18:24:27.218216+00:00
https://developer.adobe.com/commerce/webapi/rest/use-rest/anonymous-api-security,saved,output/developer-adobe-com__commerce__webapi__rest__use-rest__anonymous-api-security.md,2026-07-01T18:24:28.251926+00:00
https://developer.adobe.com/commerce/webapi/get-started/gs-web-api-request,saved,output/developer-adobe-com__commerce__webapi__get-started__gs-web-api-request.md,2026-07-01T18:24:29.302308+00:00
https://developer.adobe.com/commerce/testing/functional-testing-framework/two-factor-authentication,saved,output/developer-adobe-com__commerce__testing__functional-testing-framework__two-factor-authentication.md,2026-07-01T18:24:30.351991+00:00
https://developer.adobe.com/commerce/webapi/get-started/authentication/oauth-errors,saved,output/developer-adobe-com__commerce__webapi__get-started__authentication__oauth-errors.md,2026-07-01T18:24:31.520473+00:00
https://developer.adobe.com/commerce/webapi/get-started/create-integration,saved,output/developer-adobe-com__commerce__webapi__get-started__create-integration.md,2026-07-01T18:24:32.578873+00:00
https://developer.adobe.com/commerce/services/reporting/update-cycle,saved,output/developer-adobe-com__commerce__services__reporting__update-cycle.md,2026-07-01T18:24:33.622464+00:00
https://developer.adobe.com/commerce/services/optimizer/merchandising-services/use-cases,saved,output/developer-adobe-com__commerce__services__optimizer__merchandising-services__use-cases.md,2026-07-01T18:24:34.775315+00:00
https://developer.adobe.com/commerce/services/optimizer/merchandising-services/using-the-api,saved,output/developer-adobe-com__commerce__services__optimizer__merchandising-services__using-the-api.md,2026-07-01T18:24:35.818701+00:00
https://developer.adobe.com/commerce/services/reference/graphql,saved,output/developer-adobe-com__commerce__services__reference__graphql.md,2026-07-01T18:24:36.852608+00:00
https://developer.adobe.com/commerce,saved,output/developer-adobe-com__commerce.md,2026-07-01T18:24:37.930056+00:00
https://developer.adobe.com/commerce/services/shared-services/storefront-events/sdk/context,saved,output/developer-adobe-com__commerce__services__shared-services__storefront-events__sdk__context.md,2026-07-01T18:24:38.970441+00:00
https://developer.adobe.com/commerce/services/shared-services/storefront-events/sdk/install,saved,output/developer-adobe-com__commerce__services__shared-services__storefront-events__sdk__install.md,2026-07-01T18:24:40.149349+00:00
https://developer.adobe.com/commerce/frontend-core/javascript/mixins,saved,output/developer-adobe-com__commerce__frontend-core__javascript__mixins.md,2026-07-01T18:24:41.434646+00:00
https://developer.adobe.com/commerce/services/optimizer/data-ingestion/api-testing,saved,output/developer-adobe-com__commerce__services__optimizer__data-ingestion__api-testing.md,2026-07-01T18:24:42.492287+00:00
https://developer.adobe.com/commerce/services/optimizer/ccdm-use-case,saved,output/developer-adobe-com__commerce__services__optimizer__ccdm-use-case.md,2026-07-01T18:24:43.648204+00:00
https://developer.adobe.com/commerce/services/optimizer/data-ingestion/authentication,saved,output/developer-adobe-com__commerce__services__optimizer__data-ingestion__authentication.md,2026-07-01T18:24:44.688048+00:00
https://developer.adobe.com/commerce/marketplace/guides/sellers/account-setup-process,saved,output/developer-adobe-com__commerce__marketplace__guides__sellers__account-setup-process.md,2026-07-01T18:24:45.726008+00:00
https://developer.adobe.com/commerce/marketplace/guides/sellers/developer-register,saved,output/developer-adobe-com__commerce__marketplace__guides__sellers__developer-register.md,2026-07-01T18:24:47.000023+00:00
https://developer.adobe.com/commerce/marketplace/guides/sellers/revenue-share,saved,output/developer-adobe-com__commerce__marketplace__guides__sellers__revenue-share.md,2026-07-01T18:24:48.029708+00:00
https://developer.adobe.com/commerce/marketplace/guides/sellers/extension-quality-program,saved,output/developer-adobe-com__commerce__marketplace__guides__sellers__extension-quality-program.md,2026-07-01T18:24:49.180608+00:00
https://developer.adobe.com/commerce/marketplace/guides/sellers/branding,saved,output/developer-adobe-com__commerce__marketplace__guides__sellers__branding.md,2026-07-01T18:24:50.205801+00:00
https://developer.adobe.com/commerce/marketplace/guides/sellers/product-descriptions,saved,output/developer-adobe-com__commerce__marketplace__guides__sellers__product-descriptions.md,2026-07-01T18:24:51.349073+00:00
https://developer.adobe.com/commerce/marketplace/guides/sellers/themes,saved,output/developer-adobe-com__commerce__marketplace__guides__sellers__themes.md,2026-07-01T18:24:52.370168+00:00
https://developer.adobe.com/commerce/marketplace/guides/sellers/shared-packages,saved,output/developer-adobe-com__commerce__marketplace__guides__sellers__shared-packages.md,2026-07-01T18:24:53.394253+00:00
https://developer.adobe.com/commerce/marketplace/guides/sellers/malware-scan,saved,output/developer-adobe-com__commerce__marketplace__guides__sellers__malware-scan.md,2026-07-01T18:24:54.435979+00:00
https://developer.adobe.com/commerce/marketplace/guides/sellers/semantic-version-check,saved,output/developer-adobe-com__commerce__marketplace__guides__sellers__semantic-version-check.md,2026-07-01T18:24:55.585442+00:00
https://developer.adobe.com/commerce/marketplace/guides/sellers/code-sniffer,saved,output/developer-adobe-com__commerce__marketplace__guides__sellers__code-sniffer.md,2026-07-01T18:24:56.724262+00:00
https://developer.adobe.com/commerce/marketplace/guides/sellers/mftf-magento,saved,output/developer-adobe-com__commerce__marketplace__guides__sellers__mftf-magento.md,2026-07-01T18:24:57.886786+00:00
https://developer.adobe.com/commerce/marketplace/guides/sellers/copy-paste-detector,saved,output/developer-adobe-com__commerce__marketplace__guides__sellers__copy-paste-detector.md,2026-07-01T18:24:58.919146+00:00
https://developer.adobe.com/commerce/marketplace/guides/sellers/installation-and-varnish-tests,saved,output/developer-adobe-com__commerce__marketplace__guides__sellers__installation-and-varnish-tests.md,2026-07-01T18:24:59.954704+00:00
https://developer.adobe.com/commerce/php/development/versioning/dependencies,saved,output/developer-adobe-com__commerce__php__development__versioning__dependencies.md,2026-07-01T18:25:00.981900+00:00
https://developer.adobe.com/commerce/marketplace/guides/sellers/mftf-vendor,saved,output/developer-adobe-com__commerce__marketplace__guides__sellers__mftf-vendor.md,2026-07-01T18:25:02.140120+00:00
https://developer.adobe.com/commerce/marketplace/guides/sellers/video-tips,saved,output/developer-adobe-com__commerce__marketplace__guides__sellers__video-tips.md,2026-07-01T18:25:03.172464+00:00
https://developer.adobe.com/commerce/marketplace/guides/sellers/image-tips,saved,output/developer-adobe-com__commerce__marketplace__guides__sellers__image-tips.md,2026-07-01T18:25:04.199929+00:00
https://developer.adobe.com/commerce/extensibility/app-management,saved,output/developer-adobe-com__commerce__extensibility__app-management.md,2026-07-01T18:25:05.351133+00:00
https://developer.adobe.com/commerce/extensibility/events/consume-events,saved,output/developer-adobe-com__commerce__extensibility__events__consume-events.md,2026-07-01T18:25:06.586881+00:00
https://developer.adobe.com/commerce/extensibility/events/troubleshooting,saved,output/developer-adobe-com__commerce__extensibility__events__troubleshooting.md,2026-07-01T18:25:07.626154+00:00
https://developer.adobe.com/commerce/extensibility/events/module-development,saved,output/developer-adobe-com__commerce__extensibility__events__module-development.md,2026-07-01T18:25:08.795279+00:00
https://developer.adobe.com/commerce/extensibility/events/commands,saved,output/developer-adobe-com__commerce__extensibility__events__commands.md,2026-07-01T18:25:10.050032+00:00
https://developer.adobe.com/commerce/marketplace/guides/sellers/analytics,saved,output/developer-adobe-com__commerce__marketplace__guides__sellers__analytics.md,2026-07-01T18:25:11.171618+00:00
https://developer.adobe.com/commerce/marketplace/guides/sellers/profile-information,saved,output/developer-adobe-com__commerce__marketplace__guides__sellers__profile-information.md,2026-07-01T18:25:12.240276+00:00
https://developer.adobe.com/commerce/php/development/build/component-registration,saved,output/developer-adobe-com__commerce__php__development__build__component-registration.md,2026-07-01T18:25:13.398140+00:00
https://developer.adobe.com/commerce/webapi/graphql/schema/attributes/queries/custom-attribute-metadata,saved,output/developer-adobe-com__commerce__webapi__graphql__schema__attributes__queries__custom-attribute-metadata.md,2026-07-01T18:25:14.429402+00:00
https://developer.adobe.com/commerce/webapi/graphql/schema/cart/mutations/add-products,saved,output/developer-adobe-com__commerce__webapi__graphql__schema__cart__mutations__add-products.md,2026-07-01T18:25:15.456529+00:00
https://developer.adobe.com/commerce/webapi/graphql/usage/custom-filters,saved,output/developer-adobe-com__commerce__webapi__graphql__usage__custom-filters.md,2026-07-01T18:25:16.502613+00:00
https://developer.adobe.com/commerce/webapi/graphql/schema/products/interfaces,saved,output/developer-adobe-com__commerce__webapi__graphql__schema__products__interfaces.md,2026-07-01T18:25:17.661260+00:00
https://developer.adobe.com/commerce/webapi/reference/graphql/latest,error,HTTP 404,2026-07-01T18:25:18.740775+00:00
https://developer.adobe.com/commerce/webapi/graphql/schema/live-search/queries/attribute-metadata,saved,output/developer-adobe-com__commerce__webapi__graphql__schema__live-search__queries__attribute-metadata.md,2026-07-01T18:25:18.775849+00:00
https://developer.adobe.com/commerce/webapi/get-started/gs-web-api-response,saved,output/developer-adobe-com__commerce__webapi__get-started__gs-web-api-response.md,2026-07-01T18:25:19.792650+00:00
https://developer.adobe.com/commerce/webapi/rest/use-rest/performing-searches,saved,output/developer-adobe-com__commerce__webapi__rest__use-rest__performing-searches.md,2026-07-01T18:25:20.811576+00:00
https://developer.adobe.com/commerce/testing/functional-testing-framework/credentials,saved,output/developer-adobe-com__commerce__testing__functional-testing-framework__credentials.md,2026-07-01T18:25:21.850855+00:00
https://developer.adobe.com/commerce/testing/functional-testing-framework/test/actions,saved,output/developer-adobe-com__commerce__testing__functional-testing-framework__test__actions.md,2026-07-01T18:25:22.887090+00:00
https://developer.adobe.com/commerce/php/development/build/component-file-structure,saved,output/developer-adobe-com__commerce__php__development__build__component-file-structure.md,2026-07-01T18:25:24.041991+00:00
https://developer.adobe.com/commerce/php/development/build/component-name,saved,output/developer-adobe-com__commerce__php__development__build__component-name.md,2026-07-01T18:25:25.070922+00:00
https://developer.adobe.com/commerce/extensibility/developer-agent,saved,output/developer-adobe-com__commerce__extensibility__developer-agent.md,2026-07-01T18:25:26.096167+00:00
https://developer.adobe.com/commerce/extensibility/starter-kit/integration,saved,output/developer-adobe-com__commerce__extensibility__starter-kit__integration.md,2026-07-01T18:25:27.166942+00:00
https://developer.adobe.com/commerce/docs,saved,output/developer-adobe-com__commerce__docs.md,2026-07-01T18:25:28.249000+00:00
https://developer.adobe.com/commerce/services/shared-services/storefront-events/sdk/publish,saved,output/developer-adobe-com__commerce__services__shared-services__storefront-events__sdk__publish.md,2026-07-01T18:25:29.333682+00:00
https://developer.adobe.com/commerce/services/shared-services/storefront-events/sdk/subscribe,saved,output/developer-adobe-com__commerce__services__shared-services__storefront-events__sdk__subscribe.md,2026-07-01T18:25:30.506140+00:00
https://developer.adobe.com/commerce/services/shared-services/storefront-events/sdk/unsubscribe,saved,output/developer-adobe-com__commerce__services__shared-services__storefront-events__sdk__unsubscribe.md,2026-07-01T18:25:31.555364+00:00
https://developer.adobe.com/commerce/frontend-core/javascript/jquery-widgets/modal,saved,output/developer-adobe-com__commerce__frontend-core__javascript__jquery-widgets__modal.md,2026-07-01T18:25:32.597679+00:00
https://developer.adobe.com/commerce/php/architecture/modules/areas,saved,output/developer-adobe-com__commerce__php__architecture__modules__areas.md,2026-07-01T18:25:33.635955+00:00
https://developer.adobe.com/commerce/services/optimizer/manage-catalogs,saved,output/developer-adobe-com__commerce__services__optimizer__manage-catalogs.md,2026-07-01T18:25:34.676467+00:00
https://developer.adobe.com/commerce/marketplace/guides/sellers/extension-resubmit,saved,output/developer-adobe-com__commerce__marketplace__guides__sellers__extension-resubmit.md,2026-07-01T18:25:35.708387+00:00
https://developer.adobe.com/commerce/testing/functional-testing-framework/test-writing/best-practices,saved,output/developer-adobe-com__commerce__testing__functional-testing-framework__test-writing__best-practices.md,2026-07-01T18:25:36.745908+00:00
https://developer.adobe.com/commerce/testing/functional-testing-framework/reporting,saved,output/developer-adobe-com__commerce__testing__functional-testing-framework__reporting.md,2026-07-01T18:25:37.785919+00:00
https://developer.adobe.com/commerce/testing/functional-testing-framework/test-writing/tips-tricks,saved,output/developer-adobe-com__commerce__testing__functional-testing-framework__test-writing__tips-tricks.md,2026-07-01T18:25:38.821146+00:00
https://developer.adobe.com/commerce/cloud-tools/docker,error,HTTP 404,2026-07-01T18:25:39.862808+00:00
https://developer.adobe.com/commerce/extensibility/app-management/build-deploy,saved,output/developer-adobe-com__commerce__extensibility__app-management__build-deploy.md,2026-07-01T18:25:39.999703+00:00
https://developer.adobe.com/commerce/extensibility/app-management/app-metadata,saved,output/developer-adobe-com__commerce__extensibility__app-management__app-metadata.md,2026-07-01T18:25:41.040984+00:00
https://developer.adobe.com/commerce/extensibility/app-management/installation/webhooks,saved,output/developer-adobe-com__commerce__extensibility__app-management__installation__webhooks.md,2026-07-01T18:25:42.065074+00:00
https://developer.adobe.com/commerce/extensibility/app-management/initialize-app,saved,output/developer-adobe-com__commerce__extensibility__app-management__initialize-app.md,2026-07-01T18:25:43.110792+00:00
https://developer.adobe.com/commerce/extensibility/app-management/configuration-schema,saved,output/developer-adobe-com__commerce__extensibility__app-management__configuration-schema.md,2026-07-01T18:25:44.153900+00:00
https://developer.adobe.com/commerce/extensibility/app-management/installation/customize,saved,output/developer-adobe-com__commerce__extensibility__app-management__installation__customize.md,2026-07-01T18:25:45.325565+00:00
https://developer.adobe.com/commerce/extensibility/app-management/troubleshooting,saved,output/developer-adobe-com__commerce__extensibility__app-management__troubleshooting.md,2026-07-01T18:25:46.358254+00:00
https://developer.adobe.com/commerce/extensibility/app-management/installation/events,saved,output/developer-adobe-com__commerce__extensibility__app-management__installation__events.md,2026-07-01T18:25:47.410618+00:00
https://developer.adobe.com/commerce/extensibility/events/consume-events-examples/runtime-action-commerce-callback,saved,output/developer-adobe-com__commerce__extensibility__events__consume-events-examples__runtime-action-commerce-callback.md,2026-07-01T18:25:48.571256+00:00
https://developer.adobe.com/commerce/extensibility/starter-kit/integration/send-data,saved,output/developer-adobe-com__commerce__extensibility__starter-kit__integration__send-data.md,2026-07-01T18:25:49.716996+00:00
https://developer.adobe.com/commerce/extensibility/events/convert-field-values,saved,output/developer-adobe-com__commerce__extensibility__events__convert-field-values.md,2026-07-01T18:25:50.755511+00:00
https://developer.adobe.com/commerce/extensibility/events/custom-event-fields,saved,output/developer-adobe-com__commerce__extensibility__events__custom-event-fields.md,2026-07-01T18:25:51.781303+00:00
https://developer.adobe.com/commerce/extensibility/events/context-fields,saved,output/developer-adobe-com__commerce__extensibility__events__context-fields.md,2026-07-01T18:25:52.808238+00:00
https://developer.adobe.com/commerce/extensibility/events/conditional-events,saved,output/developer-adobe-com__commerce__extensibility__events__conditional-events.md,2026-07-01T18:25:53.859241+00:00
https://developer.adobe.com/commerce/php/development/build/composer-integration,saved,output/developer-adobe-com__commerce__php__development__build__composer-integration.md,2026-07-01T18:25:55.004493+00:00
https://developer.adobe.com/commerce/webapi/graphql/schema/attributes/queries/custom-attribute-metadata-v2,saved,output/developer-adobe-com__commerce__webapi__graphql__schema__attributes__queries__custom-attribute-metadata-v2.md,2026-07-01T18:25:56.048625+00:00
https://developer.adobe.com/commerce/webapi/reference/graphql/latest/mutations,saved,output/developer-adobe-com__commerce__webapi__reference__graphql__latest__mutations.md,2026-07-01T18:25:57.073127+00:00
https://developer.adobe.com/commerce/webapi/graphql/schema/products/interfaces/types/simple,saved,output/developer-adobe-com__commerce__webapi__graphql__schema__products__interfaces__types__simple.md,2026-07-01T18:25:58.095023+00:00
https://developer.adobe.com/commerce/webapi/graphql/schema/products/interfaces/attribute-metadata,saved,output/developer-adobe-com__commerce__webapi__graphql__schema__products__interfaces__attribute-metadata.md,2026-07-01T18:25:59.117082+00:00
https://developer.adobe.com/commerce/webapi/graphql/schema/products/interfaces/pwa-implementations,saved,output/developer-adobe-com__commerce__webapi__graphql__schema__products__interfaces__pwa-implementations.md,2026-07-01T18:26:00.137304+00:00
https://developer.adobe.com/commerce/webapi/graphql/schema/products/interfaces/types/downloadable,saved,output/developer-adobe-com__commerce__webapi__graphql__schema__products__interfaces__types__downloadable.md,2026-07-01T18:26:01.172062+00:00
https://developer.adobe.com/commerce/webapi/graphql/schema/products/interfaces/types/virtual,saved,output/developer-adobe-com__commerce__webapi__graphql__schema__products__interfaces__types__virtual.md,2026-07-01T18:26:02.195846+00:00
https://developer.adobe.com/commerce/webapi/reference/graphql/latest/types-k-p,saved,output/developer-adobe-com__commerce__webapi__reference__graphql__latest__types-k-p.md,2026-07-01T18:26:03.222486+00:00
https://developer.adobe.com/commerce/webapi/graphql/schema/products/interfaces/types/bundle,saved,output/developer-adobe-com__commerce__webapi__graphql__schema__products__interfaces__types__bundle.md,2026-07-01T18:26:04.359190+00:00
https://developer.adobe.com/commerce/webapi/graphql/schema/products/interfaces/types/gift-card,saved,output/developer-adobe-com__commerce__webapi__graphql__schema__products__interfaces__types__gift-card.md,2026-07-01T18:26:05.385195+00:00
https://developer.adobe.com/commerce/webapi/graphql/schema/products/interfaces/types/configurable,saved,output/developer-adobe-com__commerce__webapi__graphql__schema__products__interfaces__types__configurable.md,2026-07-01T18:26:06.414974+00:00
https://developer.adobe.com/commerce/webapi/graphql/schema/products/interfaces/types/grouped,saved,output/developer-adobe-com__commerce__webapi__graphql__schema__products__interfaces__types__grouped.md,2026-07-01T18:26:07.450329+00:00
https://developer.adobe.com/commerce/webapi/graphql/schema/products/interfaces/customizable-option,saved,output/developer-adobe-com__commerce__webapi__graphql__schema__products__interfaces__customizable-option.md,2026-07-01T18:26:08.475395+00:00
https://developer.adobe.com/commerce/testing/functional-testing-framework/configuration,saved,output/developer-adobe-com__commerce__testing__functional-testing-framework__configuration.md,2026-07-01T18:26:09.501452+00:00
https://developer.adobe.com/commerce/testing/functional-testing-framework/data,saved,output/developer-adobe-com__commerce__testing__functional-testing-framework__data.md,2026-07-01T18:26:10.537950+00:00
https://developer.adobe.com/commerce/testing/functional-testing-framework/getting-started,saved,output/developer-adobe-com__commerce__testing__functional-testing-framework__getting-started.md,2026-07-01T18:26:11.587734+00:00
https://developer.adobe.com/commerce/testing/functional-testing-framework/metadata,saved,output/developer-adobe-com__commerce__testing__functional-testing-framework__metadata.md,2026-07-01T18:26:12.637829+00:00
https://developer.adobe.com/commerce/testing/functional-testing-framework/interactive-pause,saved,output/developer-adobe-com__commerce__testing__functional-testing-framework__interactive-pause.md,2026-07-01T18:26:13.812378+00:00
https://developer.adobe.com/commerce/testing/functional-testing-framework/test,error,HTTP 404,2026-07-01T18:26:14.836581+00:00
https://developer.adobe.com/commerce/testing/functional-testing-framework/test/action-groups,saved,output/developer-adobe-com__commerce__testing__functional-testing-framework__test__action-groups.md,2026-07-01T18:26:14.970988+00:00
https://developer.adobe.com/commerce/frontend-core/guide/css/ui-library,saved,output/developer-adobe-com__commerce__frontend-core__guide__css__ui-library.md,2026-07-01T18:26:16.150358+00:00
https://developer.adobe.com/commerce/frontend-core/guide/translations,error,HTTP 404,2026-07-01T18:26:17.183588+00:00
https://developer.adobe.com/commerce/frontend-core/guide/themes/structure,saved,output/developer-adobe-com__commerce__frontend-core__guide__themes__structure.md,2026-07-01T18:26:17.207611+00:00
https://developer.adobe.com/commerce/php/development/cli-commands/custom,saved,output/developer-adobe-com__commerce__php__development__cli-commands__custom.md,2026-07-01T18:26:18.238896+00:00
https://developer.adobe.com/commerce/php/development/components/plugins,saved,output/developer-adobe-com__commerce__php__development__components__plugins.md,2026-07-01T18:26:19.271745+00:00
https://developer.adobe.com/commerce/php/development/build/required-configuration-files,saved,output/developer-adobe-com__commerce__php__development__build__required-configuration-files.md,2026-07-01T18:26:20.321947+00:00
https://developer.adobe.com/commerce/php/development/components/declarative-schema,error,HTTP 404,2026-07-01T18:26:21.471618+00:00
https://developer.adobe.com/commerce/extensibility/starter-kit/checkout,saved,output/developer-adobe-com__commerce__extensibility__starter-kit__checkout.md,2026-07-01T18:26:21.490515+00:00
https://developer.adobe.com/commerce/extensibility/developer-agent/best-practices,saved,output/developer-adobe-com__commerce__extensibility__developer-agent__best-practices.md,2026-07-01T18:26:22.572603+00:00
https://developer.adobe.com/commerce/extensibility/developer-agent/skills-and-prompts,saved,output/developer-adobe-com__commerce__extensibility__developer-agent__skills-and-prompts.md,2026-07-01T18:26:23.611100+00:00
https://developer.adobe.com/commerce/extensibility/developer-agent/coding-tools,saved,output/developer-adobe-com__commerce__extensibility__developer-agent__coding-tools.md,2026-07-01T18:26:24.639380+00:00
https://developer.adobe.com/commerce/extensibility/developer-agent/use-cases,saved,output/developer-adobe-com__commerce__extensibility__developer-agent__use-cases.md,2026-07-01T18:26:25.682719+00:00
https://developer.adobe.com/commerce/extensibility/starter-kit/integration/receive-data,saved,output/developer-adobe-com__commerce__extensibility__starter-kit__integration__receive-data.md,2026-07-01T18:26:26.704717+00:00
https://developer.adobe.com/commerce/extensibility/starter-kit/integration/data-flows,saved,output/developer-adobe-com__commerce__extensibility__starter-kit__integration__data-flows.md,2026-07-01T18:26:27.759465+00:00
https://developer.adobe.com/commerce/marketplace/guides/sellers,error,HTTP 404,2026-07-01T18:26:28.786345+00:00
https://developer.adobe.com/commerce/pwa-studio,saved,output/developer-adobe-com__commerce__pwa-studio.md,2026-07-01T18:26:28.801484+00:00
https://developer.adobe.com/commerce/admin-developer,saved,output/developer-adobe-com__commerce__admin-developer.md,2026-07-01T18:26:29.834722+00:00
https://developer.adobe.com/commerce/cloud-tools,saved,output/developer-adobe-com__commerce__cloud-tools.md,2026-07-01T18:26:30.870266+00:00
https://developer.adobe.com/commerce/extensibility/app-management/installation,saved,output/developer-adobe-com__commerce__extensibility__app-management__installation.md,2026-07-01T18:26:31.890984+00:00
https://developer.adobe.com/commerce/admin-developer/pattern-library/containers/slideouts-modals-overlays,saved,output/developer-adobe-com__commerce__admin-developer__pattern-library__containers__slideouts-modals-overlays.md,2026-07-01T18:26:32.962377+00:00
https://developer.adobe.com/commerce/frontend-core/javascript/init,saved,output/developer-adobe-com__commerce__frontend-core__javascript__init.md,2026-07-01T18:26:34.005279+00:00
https://developer.adobe.com/commerce/marketplace/guides/sellers/review-report,saved,output/developer-adobe-com__commerce__marketplace__guides__sellers__review-report.md,2026-07-01T18:26:35.045084+00:00
https://developer.adobe.com/commerce/testing/functional-testing-framework/merging,saved,output/developer-adobe-com__commerce__testing__functional-testing-framework__merging.md,2026-07-01T18:26:36.070074+00:00
https://developer.adobe.com/commerce/testing/functional-testing-framework/section,error,HTTP 404,2026-07-01T18:26:37.113594+00:00
https://developer.adobe.com/commerce/testing/functional-testing-framework/test/annotations,saved,output/developer-adobe-com__commerce__testing__functional-testing-framework__test__annotations.md,2026-07-01T18:26:37.246849+00:00
https://developer.adobe.com/commerce/testing/functional-testing-framework/extending,saved,output/developer-adobe-com__commerce__testing__functional-testing-framework__extending.md,2026-07-01T18:26:38.283870+00:00
https://developer.adobe.com/commerce/testing/functional-testing-framework/section/parameterized-selectors,saved,output/developer-adobe-com__commerce__testing__functional-testing-framework__section__parameterized-selectors.md,2026-07-01T18:26:39.322060+00:00
https://developer.adobe.com/commerce/testing/functional-testing-framework/commands/mftf,saved,output/developer-adobe-com__commerce__testing__functional-testing-framework__commands__mftf.md,2026-07-01T18:26:40.353719+00:00
https://developer.adobe.com/commerce/testing/functional-testing-framework/commands/codeception,saved,output/developer-adobe-com__commerce__testing__functional-testing-framework__commands__codeception.md,2026-07-01T18:26:41.400118+00:00
https://developer.adobe.com/commerce/extensibility/app-management/define-app,saved,output/developer-adobe-com__commerce__extensibility__app-management__define-app.md,2026-07-01T18:26:42.428797+00:00
https://developer.adobe.com/commerce/extensibility/events/events-original-data,saved,output/developer-adobe-com__commerce__extensibility__events__events-original-data.md,2026-07-01T18:26:43.450644+00:00
https://developer.adobe.com/commerce/php/development/versioning,error,HTTP 404,2026-07-01T18:26:44.597670+00:00
https://developer.adobe.com/commerce/webapi/graphql/schema/attributes/queries/attributes-metadata,saved,output/developer-adobe-com__commerce__webapi__graphql__schema__attributes__queries__attributes-metadata.md,2026-07-01T18:26:44.725435+00:00
https://developer.adobe.com/commerce/webapi/graphql/schema/cart/mutations/add-simple-products,saved,output/developer-adobe-com__commerce__webapi__graphql__schema__cart__mutations__add-simple-products.md,2026-07-01T18:26:45.752547+00:00
https://developer.adobe.com/commerce/webapi/reference/graphql/latest/types-q-s,saved,output/developer-adobe-com__commerce__webapi__reference__graphql__latest__types-q-s.md,2026-07-01T18:26:46.789745+00:00
https://developer.adobe.com/commerce/webapi/reference/graphql/latest/types-c-e,saved,output/developer-adobe-com__commerce__webapi__reference__graphql__latest__types-c-e.md,2026-07-01T18:26:47.932794+00:00
https://developer.adobe.com/commerce/webapi/graphql/schema/products/interfaces/attributes,saved,output/developer-adobe-com__commerce__webapi__graphql__schema__products__interfaces__attributes.md,2026-07-01T18:26:48.957924+00:00
https://developer.adobe.com/commerce/webapi/graphql/schema/customer/queries/downloadable-products,saved,output/developer-adobe-com__commerce__webapi__graphql__schema__customer__queries__downloadable-products.md,2026-07-01T18:26:50.109493+00:00
https://developer.adobe.com/commerce/webapi/graphql/schema/cart/mutations/add-virtual-products,saved,output/developer-adobe-com__commerce__webapi__graphql__schema__cart__mutations__add-virtual-products.md,2026-07-01T18:26:51.129824+00:00
https://developer.adobe.com/commerce/webapi/graphql/schema/cart/mutations/add-bundle-products,saved,output/developer-adobe-com__commerce__webapi__graphql__schema__cart__mutations__add-bundle-products.md,2026-07-01T18:26:52.179001+00:00
https://developer.adobe.com/commerce/webapi/reference/graphql/latest/types-a-b,saved,output/developer-adobe-com__commerce__webapi__reference__graphql__latest__types-a-b.md,2026-07-01T18:26:53.321707+00:00
https://developer.adobe.com/commerce/webapi/graphql/schema/cart/mutations/redeem-giftcard-balance,saved,output/developer-adobe-com__commerce__webapi__graphql__schema__cart__mutations__redeem-giftcard-balance.md,2026-07-01T18:26:54.341870+00:00
https://developer.adobe.com/commerce/webapi/graphql/schema/cart/mutations/apply-giftcard,saved,output/developer-adobe-com__commerce__webapi__graphql__schema__cart__mutations__apply-giftcard.md,2026-07-01T18:26:55.377847+00:00
https://developer.adobe.com/commerce/webapi/graphql/schema/cart/mutations/remove-giftcard,saved,output/developer-adobe-com__commerce__webapi__graphql__schema__cart__mutations__remove-giftcard.md,2026-07-01T18:26:56.407869+00:00
https://developer.adobe.com/commerce/webapi/graphql/schema/cart/mutations/add-configurable-products,saved,output/developer-adobe-com__commerce__webapi__graphql__schema__cart__mutations__add-configurable-products.md,2026-07-01T18:26:57.436235+00:00
https://developer.adobe.com/commerce/php/coding-standards/less,saved,output/developer-adobe-com__commerce__php__coding-standards__less.md,2026-07-01T18:26:58.461802+00:00
https://developer.adobe.com/commerce/frontend-core/guide/themes/inheritance,saved,output/developer-adobe-com__commerce__frontend-core__guide__themes__inheritance.md,2026-07-01T18:26:59.509807+00:00
https://developer.adobe.com/commerce/frontend-core/guide/themes,error,HTTP 404,2026-07-01T18:27:00.668455+00:00
https://developer.adobe.com/commerce/php/development/components/dependency-injection,saved,output/developer-adobe-com__commerce__php__development__components__dependency-injection.md,2026-07-01T18:27:00.685220+00:00
https://developer.adobe.com/commerce/php/development/build/component-load-order,saved,output/developer-adobe-com__commerce__php__development__build__component-load-order.md,2026-07-01T18:27:01.837213+00:00
https://developer.adobe.com/commerce/php/development/build/schema-validation,saved,output/developer-adobe-com__commerce__php__development__build__schema-validation.md,2026-07-01T18:27:02.870127+00:00
https://developer.adobe.com/commerce/extensibility/app-development/extension-compatibility,saved,output/developer-adobe-com__commerce__extensibility__app-development__extension-compatibility.md,2026-07-01T18:27:03.904764+00:00
https://developer.adobe.com/commerce/extensibility/starter-kit/checkout/getting-started,saved,output/developer-adobe-com__commerce__extensibility__starter-kit__checkout__getting-started.md,2026-07-01T18:27:04.951054+00:00
https://developer.adobe.com/commerce/extensibility/app-development/app-submission-guidelines,saved,output/developer-adobe-com__commerce__extensibility__app-development__app-submission-guidelines.md,2026-07-01T18:27:05.985218+00:00
https://developer.adobe.com/commerce/webapi/rest/use-rest/asynchronous-web-endpoints,saved,output/developer-adobe-com__commerce__webapi__rest__use-rest__asynchronous-web-endpoints.md,2026-07-01T18:27:07.031043+00:00
https://developer.adobe.com/commerce/extensibility/starter-kit/integration/stock,saved,output/developer-adobe-com__commerce__extensibility__starter-kit__integration__stock.md,2026-07-01T18:27:08.075356+00:00
https://developer.adobe.com/commerce/extensibility/starter-kit/integration/customers,saved,output/developer-adobe-com__commerce__extensibility__starter-kit__integration__customers.md,2026-07-01T18:27:09.101922+00:00
https://developer.adobe.com/commerce/extensibility/starter-kit/integration/shipments,saved,output/developer-adobe-com__commerce__extensibility__starter-kit__integration__shipments.md,2026-07-01T18:27:10.126401+00:00
https://developer.adobe.com/commerce/extensibility/starter-kit/integration/products,saved,output/developer-adobe-com__commerce__extensibility__starter-kit__integration__products.md,2026-07-01T18:27:11.142748+00:00
https://developer.adobe.com/commerce/extensibility/starter-kit/integration/orders,saved,output/developer-adobe-com__commerce__extensibility__starter-kit__integration__orders.md,2026-07-01T18:27:12.163389+00:00
https://developer.adobe.com/commerce/pwa-studio/api/buildpack,error,HTTP 404,2026-07-01T18:27:13.193903+00:00
https://developer.adobe.com/commerce/pwa-studio/tutorials/extensions,error,HTTP 404,2026-07-01T18:27:13.324848+00:00
https://developer.adobe.com/commerce/pwa-studio/tutorials,error,HTTP 404,2026-07-01T18:27:13.458113+00:00
https://developer.adobe.com/commerce/pwa-studio/api/venia,error,HTTP 404,2026-07-01T18:27:13.588381+00:00
https://developer.adobe.com/commerce/pwa-studio/api/peregrine,error,HTTP 404,2026-07-01T18:27:13.602853+00:00
https://developer.adobe.com/commerce/pwa-studio/guides/general-concepts,error,HTTP 404,2026-07-01T18:27:13.617779+00:00
https://developer.adobe.com/commerce/pwa-studio/guides,error,HTTP 404,2026-07-01T18:27:13.746424+00:00
https://developer.adobe.com/commerce/admin-developer/style-guide,error,HTTP 404,2026-07-01T18:27:13.759944+00:00
https://developer.adobe.com/commerce/admin-developer/pattern-library,error,HTTP 404,2026-07-01T18:27:13.771520+00:00
https://developer.adobe.com/commerce/frontend-core/javascript/jquery-widgets/prompt,saved,output/developer-adobe-com__commerce__frontend-core__javascript__jquery-widgets__prompt.md,2026-07-01T18:27:14.028513+00:00
https://developer.adobe.com/commerce/admin-developer/pattern-library/controls/button-bar,saved,output/developer-adobe-com__commerce__admin-developer__pattern-library__controls__button-bar.md,2026-07-01T18:27:15.063115+00:00
https://developer.adobe.com/commerce/frontend-core/javascript/jquery-widgets/confirm,saved,output/developer-adobe-com__commerce__frontend-core__javascript__jquery-widgets__confirm.md,2026-07-01T18:27:16.091889+00:00
https://developer.adobe.com/commerce/frontend-core/javascript/jquery-widgets/alert,saved,output/developer-adobe-com__commerce__frontend-core__javascript__jquery-widgets__alert.md,2026-07-01T18:27:17.242364+00:00
https://developer.adobe.com/commerce/frontend-core/ui-components/components/modal,saved,output/developer-adobe-com__commerce__frontend-core__ui-components__components__modal.md,2026-07-01T18:27:18.277678+00:00
https://developer.adobe.com/commerce/frontend-core/javascript/jquery-widgets/accordion,saved,output/developer-adobe-com__commerce__frontend-core__javascript__jquery-widgets__accordion.md,2026-07-01T18:27:19.312340+00:00
https://developer.adobe.com/commerce/frontend-core/javascript/debug,saved,output/developer-adobe-com__commerce__frontend-core__javascript__debug.md,2026-07-01T18:27:20.348877+00:00
https://developer.adobe.com/commerce/testing/functional-testing-framework/page,saved,output/developer-adobe-com__commerce__testing__functional-testing-framework__page.md,2026-07-01T18:27:21.374407+00:00
https://developer.adobe.com/commerce/testing/functional-testing-framework/suite,saved,output/developer-adobe-com__commerce__testing__functional-testing-framework__suite.md,2026-07-01T18:27:22.407128+00:00
https://developer.adobe.com/commerce/webapi/graphql/schema/cart/mutations/create-empty-cart,saved,output/developer-adobe-com__commerce__webapi__graphql__schema__cart__mutations__create-empty-cart.md,2026-07-01T18:27:23.449154+00:00
https://developer.adobe.com/commerce/webapi/graphql/usage/authorization-tokens,saved,output/developer-adobe-com__commerce__webapi__graphql__usage__authorization-tokens.md,2026-07-01T18:27:24.475601+00:00
https://developer.adobe.com/commerce/frontend-core/guide/css/themes,saved,output/developer-adobe-com__commerce__frontend-core__guide__css__themes.md,2026-07-01T18:27:25.501895+00:00
https://developer.adobe.com/commerce/frontend-core/guide/layouts/override,saved,output/developer-adobe-com__commerce__frontend-core__guide__layouts__override.md,2026-07-01T18:27:26.648007+00:00
https://developer.adobe.com/commerce/frontend-core/guide/templates/sample,saved,output/developer-adobe-com__commerce__frontend-core__guide__templates__sample.md,2026-07-01T18:27:27.674001+00:00
https://developer.adobe.com/commerce/frontend-core/guide/layouts/extend,saved,output/developer-adobe-com__commerce__frontend-core__guide__layouts__extend.md,2026-07-01T18:27:28.697445+00:00
https://developer.adobe.com/commerce/frontend-core/guide/themes/apply-storefront,saved,output/developer-adobe-com__commerce__frontend-core__guide__themes__apply-storefront.md,2026-07-01T18:27:29.721619+00:00
https://developer.adobe.com/commerce/php/development/components/proxies,saved,output/developer-adobe-com__commerce__php__development__components__proxies.md,2026-07-01T18:27:30.755312+00:00
https://developer.adobe.com/commerce/php/development/components/object-manager,error,HTTP 404,2026-07-01T18:27:31.777011+00:00
https://developer.adobe.com/commerce/php/development/build/dependency-injection-file,saved,output/developer-adobe-com__commerce__php__development__build__dependency-injection-file.md,2026-07-01T18:27:31.905870+00:00
https://developer.adobe.com/commerce/php/development/components/factories,saved,output/developer-adobe-com__commerce__php__development__components__factories.md,2026-07-01T18:27:32.951920+00:00
https://developer.adobe.com/commerce/extensibility/events/create-events,saved,output/developer-adobe-com__commerce__extensibility__events__create-events.md,2026-07-01T18:27:33.984472+00:00
https://developer.adobe.com/commerce/extensibility/starter-kit/checkout/payment-reference,saved,output/developer-adobe-com__commerce__extensibility__starter-kit__checkout__payment-reference.md,2026-07-01T18:27:35.023042+00:00
https://developer.adobe.com/commerce/extensibility/admin-ui-sdk/troubleshooting,saved,output/developer-adobe-com__commerce__extensibility__admin-ui-sdk__troubleshooting.md,2026-07-01T18:27:36.058719+00:00
https://developer.adobe.com/commerce/extensibility/events/api,saved,output/developer-adobe-com__commerce__extensibility__events__api.md,2026-07-01T18:27:37.085252+00:00
https://developer.adobe.com/commerce/extensibility/starter-kit/checkout/connect,saved,output/developer-adobe-com__commerce__extensibility__starter-kit__checkout__connect.md,2026-07-01T18:27:38.249284+00:00
https://developer.adobe.com/commerce/extensibility/starter-kit/checkout/tax-reference,saved,output/developer-adobe-com__commerce__extensibility__starter-kit__checkout__tax-reference.md,2026-07-01T18:27:39.413771+00:00
https://developer.adobe.com/commerce/extensibility/starter-kit/checkout/shipping-reference,saved,output/developer-adobe-com__commerce__extensibility__starter-kit__checkout__shipping-reference.md,2026-07-01T18:27:40.473726+00:00
https://developer.adobe.com/commerce/extensibility/webhooks/create-webhooks,saved,output/developer-adobe-com__commerce__extensibility__webhooks__create-webhooks.md,2026-07-01T18:27:41.523249+00:00
https://developer.adobe.com/commerce/extensibility/starter-kit/checkout/configure,saved,output/developer-adobe-com__commerce__extensibility__starter-kit__checkout__configure.md,2026-07-01T18:27:42.560302+00:00
https://developer.adobe.com/commerce/extensibility/starter-kit/checkout/totals-collector-install,saved,output/developer-adobe-com__commerce__extensibility__starter-kit__checkout__totals-collector-install.md,2026-07-01T18:27:43.596960+00:00
https://developer.adobe.com/commerce/extensibility/starter-kit/checkout/development,saved,output/developer-adobe-com__commerce__extensibility__starter-kit__checkout__development.md,2026-07-01T18:27:44.622669+00:00
https://developer.adobe.com/commerce/extensibility/starter-kit/checkout/payment-install,saved,output/developer-adobe-com__commerce__extensibility__starter-kit__checkout__payment-install.md,2026-07-01T18:27:45.661939+00:00
https://developer.adobe.com/commerce/extensibility/starter-kit/checkout/tax-install,saved,output/developer-adobe-com__commerce__extensibility__starter-kit__checkout__tax-install.md,2026-07-01T18:27:46.693833+00:00
https://developer.adobe.com/commerce/extensibility/starter-kit/checkout/shipping-install,saved,output/developer-adobe-com__commerce__extensibility__starter-kit__checkout__shipping-install.md,2026-07-01T18:27:47.728674+00:00
https://developer.adobe.com/commerce/extensibility/webhooks/signature-verification,saved,output/developer-adobe-com__commerce__extensibility__webhooks__signature-verification.md,2026-07-01T18:27:48.753785+00:00
https://developer.adobe.com/commerce/extensibility/admin-ui-sdk/app-review-checklist,saved,output/developer-adobe-com__commerce__extensibility__admin-ui-sdk__app-review-checklist.md,2026-07-01T18:27:49.900122+00:00
https://developer.adobe.com/commerce/extensibility/app-development/best-practices/credentials,saved,output/developer-adobe-com__commerce__extensibility__app-development__best-practices__credentials.md,2026-07-01T18:27:50.935466+00:00
https://developer.adobe.com/commerce/webapi/rest/use-rest/operation-status-endpoints,saved,output/developer-adobe-com__commerce__webapi__rest__use-rest__operation-status-endpoints.md,2026-07-01T18:27:51.963803+00:00
https://developer.adobe.com/commerce/admin-developer/pattern-library/controls/buttons,saved,output/developer-adobe-com__commerce__admin-developer__pattern-library__controls__buttons.md,2026-07-01T18:27:53.010923+00:00
https://developer.adobe.com/commerce/frontend-core/ui-components/concepts/collection,saved,output/developer-adobe-com__commerce__frontend-core__ui-components__concepts__collection.md,2026-07-01T18:27:54.053213+00:00
https://developer.adobe.com/commerce/frontend-core/javascript/jquery-widgets/tabs,saved,output/developer-adobe-com__commerce__frontend-core__javascript__jquery-widgets__tabs.md,2026-07-01T18:27:55.079154+00:00
https://developer.adobe.com/commerce/webapi/graphql/schema/cart/mutations/create-guest-cart,saved,output/developer-adobe-com__commerce__webapi__graphql__schema__cart__mutations__create-guest-cart.md,2026-07-01T18:27:56.126858+00:00
https://developer.adobe.com/commerce/webapi/graphql/schema/customer/mutations/generate-token,saved,output/developer-adobe-com__commerce__webapi__graphql__schema__customer__mutations__generate-token.md,2026-07-01T18:27:57.153040+00:00
https://developer.adobe.com/commerce/webapi/graphql/schema/customer/mutations/generate-token-as-admin,saved,output/developer-adobe-com__commerce__webapi__graphql__schema__customer__mutations__generate-token-as-admin.md,2026-07-01T18:27:58.180756+00:00
https://developer.adobe.com/commerce/webapi/graphql/usage/staging-queries,saved,output/developer-adobe-com__commerce__webapi__graphql__usage__staging-queries.md,2026-07-01T18:27:59.201805+00:00
https://developer.adobe.com/commerce/webapi/graphql/schema/customer/mutations/revoke-token,saved,output/developer-adobe-com__commerce__webapi__graphql__schema__customer__mutations__revoke-token.md,2026-07-01T18:28:00.240383+00:00
https://developer.adobe.com/commerce/webapi/graphql/usage/headers,saved,output/developer-adobe-com__commerce__webapi__graphql__usage__headers.md,2026-07-01T18:28:01.383294+00:00
https://developer.adobe.com/commerce/frontend-core/guide/css/preprocess,saved,output/developer-adobe-com__commerce__frontend-core__guide__css__preprocess.md,2026-07-01T18:28:02.537941+00:00
https://developer.adobe.com/commerce/frontend-core/guide/layouts,error,HTTP 404,2026-07-01T18:28:03.580576+00:00
https://developer.adobe.com/commerce/frontend-core/guide/layouts/types,saved,output/developer-adobe-com__commerce__frontend-core__guide__layouts__types.md,2026-07-01T18:28:03.713133+00:00
https://developer.adobe.com/commerce/frontend-core/guide/tools/grunt,saved,output/developer-adobe-com__commerce__frontend-core__guide__tools__grunt.md,2026-07-01T18:28:04.762937+00:00
https://developer.adobe.com/commerce/frontend-core/guide/themes/create-storefront,saved,output/developer-adobe-com__commerce__frontend-core__guide__themes__create-storefront.md,2026-07-01T18:28:05.803477+00:00
https://developer.adobe.com/commerce/php/development/components/code-generation,saved,output/developer-adobe-com__commerce__php__development__components__code-generation.md,2026-07-01T18:28:06.845736+00:00
https://developer.adobe.com/commerce/php/development/configuration/sensitive-environment-settings,saved,output/developer-adobe-com__commerce__php__development__configuration__sensitive-environment-settings.md,2026-07-01T18:28:07.995556+00:00
https://developer.adobe.com/commerce/extensibility/starter-kit/checkout/eds,saved,output/developer-adobe-com__commerce__extensibility__starter-kit__checkout__eds.md,2026-07-01T18:28:09.014335+00:00
https://developer.adobe.com/commerce/extensibility/starter-kit/checkout/payment-usage,saved,output/developer-adobe-com__commerce__extensibility__starter-kit__checkout__payment-usage.md,2026-07-01T18:28:10.170168+00:00
https://developer.adobe.com/commerce/extensibility/admin-ui-sdk/api,saved,output/developer-adobe-com__commerce__extensibility__admin-ui-sdk__api.md,2026-07-01T18:28:11.202628+00:00
https://developer.adobe.com/commerce/extensibility/starter-kit/checkout/tax-use-cases,saved,output/developer-adobe-com__commerce__extensibility__starter-kit__checkout__tax-use-cases.md,2026-07-01T18:28:12.247036+00:00
https://developer.adobe.com/commerce/webapi/graphql/schema/cart/queries/cart,saved,output/developer-adobe-com__commerce__webapi__graphql__schema__cart__queries__cart.md,2026-07-01T18:28:13.412301+00:00
https://developer.adobe.com/commerce/extensibility/webhooks/xml-schema,saved,output/developer-adobe-com__commerce__extensibility__webhooks__xml-schema.md,2026-07-01T18:28:14.453406+00:00
https://developer.adobe.com/commerce/extensibility/starter-kit/checkout/use-cases,saved,output/developer-adobe-com__commerce__extensibility__starter-kit__checkout__use-cases.md,2026-07-01T18:28:15.925692+00:00
https://developer.adobe.com/commerce/extensibility/events/configure-additional-event-providers,saved,output/developer-adobe-com__commerce__extensibility__events__configure-additional-event-providers.md,2026-07-01T18:28:16.954080+00:00
https://developer.adobe.com/commerce/extensibility/starter-kit/checkout/totals-collector-item-prices,saved,output/developer-adobe-com__commerce__extensibility__starter-kit__checkout__totals-collector-item-prices.md,2026-07-01T18:28:18.095210+00:00
https://developer.adobe.com/commerce/extensibility/starter-kit/checkout/totals-collector-use-cases,saved,output/developer-adobe-com__commerce__extensibility__starter-kit__checkout__totals-collector-use-cases.md,2026-07-01T18:28:19.468227+00:00
https://developer.adobe.com/commerce/extensibility/starter-kit/checkout/totals-collector-fees,saved,output/developer-adobe-com__commerce__extensibility__starter-kit__checkout__totals-collector-fees.md,2026-07-01T18:28:20.629277+00:00
https://developer.adobe.com/commerce/extensibility/starter-kit/checkout/payment-use-cases,saved,output/developer-adobe-com__commerce__extensibility__starter-kit__checkout__payment-use-cases.md,2026-07-01T18:28:21.776902+00:00
https://developer.adobe.com/commerce/extensibility/starter-kit/checkout/shipping-use-cases,saved,output/developer-adobe-com__commerce__extensibility__starter-kit__checkout__shipping-use-cases.md,2026-07-01T18:28:22.930849+00:00
https://developer.adobe.com/commerce/extensibility/admin-ui-sdk/extension-points/menu,saved,output/developer-adobe-com__commerce__extensibility__admin-ui-sdk__extension-points__menu.md,2026-07-01T18:28:24.080921+00:00
https://developer.adobe.com/commerce/webapi/rest/use-rest/bulk-endpoints,saved,output/developer-adobe-com__commerce__webapi__rest__use-rest__bulk-endpoints.md,2026-07-01T18:28:25.149225+00:00
https://developer.adobe.com/commerce/frontend-core/ui-components/concepts/class,saved,output/developer-adobe-com__commerce__frontend-core__ui-components__concepts__class.md,2026-07-01T18:28:26.242137+00:00
https://developer.adobe.com/commerce/frontend-core/ui-components/components/columns,saved,output/developer-adobe-com__commerce__frontend-core__ui-components__components__columns.md,2026-07-01T18:28:27.263725+00:00
https://developer.adobe.com/commerce/frontend-core/ui-components/concepts/element,saved,output/developer-adobe-com__commerce__frontend-core__ui-components__concepts__element.md,2026-07-01T18:28:28.296224+00:00
https://developer.adobe.com/commerce/frontend-core/javascript/jquery-widgets/collapsible,saved,output/developer-adobe-com__commerce__frontend-core__javascript__jquery-widgets__collapsible.md,2026-07-01T18:28:29.320376+00:00
https://developer.adobe.com/commerce/webapi/get-started/authentication/gs-authentication-session,saved,output/developer-adobe-com__commerce__webapi__get-started__authentication__gs-authentication-session.md,2026-07-01T18:28:30.480973+00:00
https://developer.adobe.com/commerce/webapi/graphql/schema/customer/queries/customer,saved,output/developer-adobe-com__commerce__webapi__graphql__schema__customer__queries__customer.md,2026-07-01T18:28:31.515334+00:00
https://developer.adobe.com/commerce/webapi/graphql/schema/customer/mutations/update-v2,saved,output/developer-adobe-com__commerce__webapi__graphql__schema__customer__mutations__update-v2.md,2026-07-01T18:28:32.558333+00:00
https://developer.adobe.com/commerce/webapi/rest/saas-integrations/login-as-customer,saved,output/developer-adobe-com__commerce__webapi__rest__saas-integrations__login-as-customer.md,2026-07-01T18:28:33.613027+00:00
https://developer.adobe.com/commerce/webapi/graphql/usage/caching,saved,output/developer-adobe-com__commerce__webapi__graphql__usage__caching.md,2026-07-01T18:28:34.690585+00:00
https://developer.adobe.com/commerce/frontend-core/guide/css/debug,saved,output/developer-adobe-com__commerce__frontend-core__guide__css__debug.md,2026-07-01T18:28:35.824638+00:00
https://developer.adobe.com/commerce/frontend-core/guide/css/fonts,saved,output/developer-adobe-com__commerce__frontend-core__guide__css__fonts.md,2026-07-01T18:28:36.863632+00:00
https://developer.adobe.com/commerce/frontend-core/guide/layouts/xml-instructions,saved,output/developer-adobe-com__commerce__frontend-core__guide__layouts__xml-instructions.md,2026-07-01T18:28:37.887393+00:00
https://developer.adobe.com/commerce/frontend-core/guide/themes/apply-admin,saved,output/developer-adobe-com__commerce__frontend-core__guide__themes__apply-admin.md,2026-07-01T18:28:38.939365+00:00
https://developer.adobe.com/commerce/frontend-core/guide/themes/configure,saved,output/developer-adobe-com__commerce__frontend-core__guide__themes__configure.md,2026-07-01T18:28:39.972412+00:00
https://developer.adobe.com/commerce/webapi/graphql/schema/cart/mutations/set-billing-address,saved,output/developer-adobe-com__commerce__webapi__graphql__schema__cart__mutations__set-billing-address.md,2026-07-01T18:28:41.007075+00:00
https://developer.adobe.com/commerce/webapi/graphql/usage,saved,output/developer-adobe-com__commerce__webapi__graphql__usage.md,2026-07-01T18:28:42.037054+00:00
https://developer.adobe.com/commerce/webapi/graphql/schema/cart/mutations/set-shipping-method,saved,output/developer-adobe-com__commerce__webapi__graphql__schema__cart__mutations__set-shipping-method.md,2026-07-01T18:28:43.124962+00:00
https://developer.adobe.com/commerce/webapi/graphql/schema/cart/mutations/set-shipping-address,saved,output/developer-adobe-com__commerce__webapi__graphql__schema__cart__mutations__set-shipping-address.md,2026-07-01T18:28:44.152023+00:00
https://developer.adobe.com/commerce/webapi/graphql/schema/cart/mutations/set-payment-method,saved,output/developer-adobe-com__commerce__webapi__graphql__schema__cart__mutations__set-payment-method.md,2026-07-01T18:28:45.178826+00:00
https://developer.adobe.com/commerce/extensibility/starter-kit/checkout/totals-collector-development-considerations,saved,output/developer-adobe-com__commerce__extensibility__starter-kit__checkout__totals-collector-development-considerations.md,2026-07-01T18:28:46.219837+00:00
https://developer.adobe.com/commerce/extensibility/webhooks/use-cases/order-placement-validation,saved,output/developer-adobe-com__commerce__extensibility__webhooks__use-cases__order-placement-validation.md,2026-07-01T18:28:47.354950+00:00
https://developer.adobe.com/commerce/extensibility/admin-ui-sdk/extension-points/page,saved,output/developer-adobe-com__commerce__extensibility__admin-ui-sdk__extension-points__page.md,2026-07-01T18:28:48.378781+00:00
https://developer.adobe.com/commerce/frontend-core/ui-components/components/toolbar,saved,output/developer-adobe-com__commerce__frontend-core__ui-components__components__toolbar.md,2026-07-01T18:28:49.407588+00:00
https://developer.adobe.com/commerce/frontend-core/ui-components/components/insert-listing,saved,output/developer-adobe-com__commerce__frontend-core__ui-components__components__insert-listing.md,2026-07-01T18:28:50.431211+00:00
https://developer.adobe.com/commerce/frontend-core/ui-components/components/listing-grid,saved,output/developer-adobe-com__commerce__frontend-core__ui-components__components__listing-grid.md,2026-07-01T18:28:51.461531+00:00
https://developer.adobe.com/commerce/frontend-core/ui-components/components/drag-and-drop,saved,output/developer-adobe-com__commerce__frontend-core__ui-components__components__drag-and-drop.md,2026-07-01T18:28:52.502935+00:00
https://developer.adobe.com/commerce/frontend-core/ui-components/concepts/linking,saved,output/developer-adobe-com__commerce__frontend-core__ui-components__concepts__linking.md,2026-07-01T18:28:53.542112+00:00
https://developer.adobe.com/commerce/webapi/graphql/schema/orders/interfaces/credit-memo-item,saved,output/developer-adobe-com__commerce__webapi__graphql__schema__orders__interfaces__credit-memo-item.md,2026-07-01T18:28:54.694939+00:00
https://developer.adobe.com/commerce/webapi/graphql/schema/orders/interfaces/invoice-item,saved,output/developer-adobe-com__commerce__webapi__graphql__schema__orders__interfaces__invoice-item.md,2026-07-01T18:28:55.717920+00:00
https://developer.adobe.com/commerce/webapi/graphql/schema/b2b/company/queries/is-company-email-available,saved,output/developer-adobe-com__commerce__webapi__graphql__schema__b2b__company__queries__is-company-email-available.md,2026-07-01T18:28:56.741676+00:00
https://developer.adobe.com/commerce/webapi/graphql/schema/customer/mutations/create-v2,saved,output/developer-adobe-com__commerce__webapi__graphql__schema__customer__mutations__create-v2.md,2026-07-01T18:28:57.758474+00:00
https://developer.adobe.com/commerce/webapi/graphql/schema/orders/interfaces/shipment-item,saved,output/developer-adobe-com__commerce__webapi__graphql__schema__orders__interfaces__shipment-item.md,2026-07-01T18:28:58.918034+00:00
https://developer.adobe.com/commerce/webapi/graphql/schema/b2b/purchase-order,saved,output/developer-adobe-com__commerce__webapi__graphql__schema__b2b__purchase-order.md,2026-07-01T18:28:59.949741+00:00
https://developer.adobe.com/commerce/webapi/graphql/schema/orders/interfaces/order-item,saved,output/developer-adobe-com__commerce__webapi__graphql__schema__orders__interfaces__order-item.md,2026-07-01T18:29:01.123208+00:00
https://developer.adobe.com/commerce/webapi/graphql/schema/b2b/purchase-order-rule,saved,output/developer-adobe-com__commerce__webapi__graphql__schema__b2b__purchase-order-rule.md,2026-07-01T18:29:02.145376+00:00
https://developer.adobe.com/commerce/webapi/graphql/schema/customer/mutations/create-address,saved,output/developer-adobe-com__commerce__webapi__graphql__schema__customer__mutations__create-address.md,2026-07-01T18:29:03.221784+00:00
https://developer.adobe.com/commerce/webapi/graphql/schema/customer/mutations/update-email,saved,output/developer-adobe-com__commerce__webapi__graphql__schema__customer__mutations__update-email.md,2026-07-01T18:29:04.248940+00:00
https://developer.adobe.com/commerce/webapi/graphql/schema/customer/mutations/update-address,saved,output/developer-adobe-com__commerce__webapi__graphql__schema__customer__mutations__update-address.md,2026-07-01T18:29:05.268100+00:00
https://developer.adobe.com/commerce/webapi/graphql/schema/customer/mutations/delete-address,saved,output/developer-adobe-com__commerce__webapi__graphql__schema__customer__mutations__delete-address.md,2026-07-01T18:29:06.297096+00:00
https://developer.adobe.com/commerce/webapi/rest/modules/import,saved,output/developer-adobe-com__commerce__webapi__rest__modules__import.md,2026-07-01T18:29:07.370006+00:00
https://developer.adobe.com/commerce/webapi/graphql/develop,error,HTTP 404,2026-07-01T18:29:08.504331+00:00
https://developer.adobe.com/commerce/php/development/cache/page,error,HTTP 404,2026-07-01T18:29:08.636832+00:00
https://developer.adobe.com/commerce/frontend-core/guide/layouts/xml-manage,saved,output/developer-adobe-com__commerce__frontend-core__guide__layouts__xml-manage.md,2026-07-01T18:29:08.666348+00:00
https://developer.adobe.com/commerce/frontend-core/guide/templates,error,HTTP 404,2026-07-01T18:29:09.727821+00:00
https://developer.adobe.com/commerce/php/development/build,error,HTTP 404,2026-07-01T18:29:09.743254+00:00
https://developer.adobe.com/commerce/frontend-core/guide/themes/create-admin,saved,output/developer-adobe-com__commerce__frontend-core__guide__themes__create-admin.md,2026-07-01T18:29:09.885842+00:00
https://developer.adobe.com/commerce/frontend-core/javascript/jquery-widgets/gallery,saved,output/developer-adobe-com__commerce__frontend-core__javascript__jquery-widgets__gallery.md,2026-07-01T18:29:10.915548+00:00
https://developer.adobe.com/commerce/webapi/graphql/payment-methods/braintree-vault,saved,output/developer-adobe-com__commerce__webapi__graphql__payment-methods__braintree-vault.md,2026-07-01T18:29:11.963815+00:00
https://developer.adobe.com/commerce/webapi/graphql/payment-methods/payflow-link,saved,output/developer-adobe-com__commerce__webapi__graphql__payment-methods__payflow-link.md,2026-07-01T18:29:13.130902+00:00
https://developer.adobe.com/commerce/webapi/graphql/payment-methods/payflow-pro-vault,saved,output/developer-adobe-com__commerce__webapi__graphql__payment-methods__payflow-pro-vault.md,2026-07-01T18:29:14.272863+00:00
https://developer.adobe.com/commerce/webapi/graphql/payment-methods/payments-advanced,saved,output/developer-adobe-com__commerce__webapi__graphql__payment-methods__payments-advanced.md,2026-07-01T18:29:15.419863+00:00
https://developer.adobe.com/commerce/webapi/graphql/payment-methods/hosted-pro,saved,output/developer-adobe-com__commerce__webapi__graphql__payment-methods__hosted-pro.md,2026-07-01T18:29:16.802062+00:00
https://developer.adobe.com/commerce/webapi/graphql/payment-methods/payflow-express,saved,output/developer-adobe-com__commerce__webapi__graphql__payment-methods__payflow-express.md,2026-07-01T18:29:17.951420+00:00
https://developer.adobe.com/commerce/webapi/graphql/payment-methods/payflow-pro,saved,output/developer-adobe-com__commerce__webapi__graphql__payment-methods__payflow-pro.md,2026-07-01T18:29:19.109883+00:00
https://developer.adobe.com/commerce/webapi/graphql/tutorials/checkout,saved,output/developer-adobe-com__commerce__webapi__graphql__tutorials__checkout.md,2026-07-01T18:29:20.265921+00:00
https://developer.adobe.com/commerce/webapi/graphql/payment-methods/paypal-express-checkout,saved,output/developer-adobe-com__commerce__webapi__graphql__payment-methods__paypal-express-checkout.md,2026-07-01T18:29:21.457164+00:00
https://developer.adobe.com/commerce/webapi/graphql/payment-methods/braintree,saved,output/developer-adobe-com__commerce__webapi__graphql__payment-methods__braintree.md,2026-07-01T18:29:22.607950+00:00
https://developer.adobe.com/commerce/frontend-core/ui-components/components/form,saved,output/developer-adobe-com__commerce__frontend-core__ui-components__components__form.md,2026-07-01T18:29:23.763280+00:00
https://developer.adobe.com/commerce/frontend-core/ui-components/components/mass-actions,saved,output/developer-adobe-com__commerce__frontend-core__ui-components__components__mass-actions.md,2026-07-01T18:29:24.823042+00:00
https://developer.adobe.com/commerce/frontend-core/ui-components/components/range,saved,output/developer-adobe-com__commerce__frontend-core__ui-components__components__range.md,2026-07-01T18:29:25.987988+00:00
https://developer.adobe.com/commerce/frontend-core/ui-components/components/filters-chips,saved,output/developer-adobe-com__commerce__frontend-core__ui-components__components__filters-chips.md,2026-07-01T18:29:27.345302+00:00
https://developer.adobe.com/commerce/frontend-core/ui-components/components/multiselect-column,saved,output/developer-adobe-com__commerce__frontend-core__ui-components__components__multiselect-column.md,2026-07-01T18:29:28.366265+00:00
https://developer.adobe.com/commerce/frontend-core/ui-components/components/columns-controls,saved,output/developer-adobe-com__commerce__frontend-core__ui-components__components__columns-controls.md,2026-07-01T18:29:29.695033+00:00
https://developer.adobe.com/commerce/frontend-core/ui-components/components/thumbnail-column,saved,output/developer-adobe-com__commerce__frontend-core__ui-components__components__thumbnail-column.md,2026-07-01T18:29:30.854706+00:00
https://developer.adobe.com/commerce/frontend-core/ui-components/components/sizes,saved,output/developer-adobe-com__commerce__frontend-core__ui-components__components__sizes.md,2026-07-01T18:29:32.219619+00:00
https://developer.adobe.com/commerce/frontend-core/ui-components/components/on-off-column,saved,output/developer-adobe-com__commerce__frontend-core__ui-components__components__on-off-column.md,2026-07-01T18:29:33.249499+00:00
https://developer.adobe.com/commerce/frontend-core/ui-components/components/link-column,saved,output/developer-adobe-com__commerce__frontend-core__ui-components__components__link-column.md,2026-07-01T18:29:34.591500+00:00
https://developer.adobe.com/commerce/frontend-core/ui-components/components/filters,saved,output/developer-adobe-com__commerce__frontend-core__ui-components__components__filters.md,2026-07-01T18:29:35.751985+00:00
https://developer.adobe.com/commerce/frontend-core/ui-components/components/paging,saved,output/developer-adobe-com__commerce__frontend-core__ui-components__components__paging.md,2026-07-01T18:29:36.912841+00:00
https://developer.adobe.com/commerce/frontend-core/ui-components/components/select-column,saved,output/developer-adobe-com__commerce__frontend-core__ui-components__components__select-column.md,2026-07-01T18:29:38.054636+00:00
https://developer.adobe.com/commerce/frontend-core/ui-components/components/image-preview,saved,output/developer-adobe-com__commerce__frontend-core__ui-components__components__image-preview.md,2026-07-01T18:29:39.083423+00:00
https://developer.adobe.com/commerce/frontend-core/ui-components/components/date-column,saved,output/developer-adobe-com__commerce__frontend-core__ui-components__components__date-column.md,2026-07-01T18:29:40.233249+00:00
https://developer.adobe.com/commerce/frontend-core/ui-components/components/tree-mass-actions,saved,output/developer-adobe-com__commerce__frontend-core__ui-components__components__tree-mass-actions.md,2026-07-01T18:29:41.261616+00:00
https://developer.adobe.com/commerce/frontend-core/ui-components/components/actions-column,saved,output/developer-adobe-com__commerce__frontend-core__ui-components__components__actions-column.md,2026-07-01T18:29:42.412376+00:00
https://developer.adobe.com/commerce/frontend-core/ui-components/components/export-button,saved,output/developer-adobe-com__commerce__frontend-core__ui-components__components__export-button.md,2026-07-01T18:29:43.441189+00:00
https://developer.adobe.com/commerce/frontend-core/ui-components/components/column,saved,output/developer-adobe-com__commerce__frontend-core__ui-components__components__column.md,2026-07-01T18:29:44.470406+00:00
https://developer.adobe.com/commerce/frontend-core/ui-components/components/expandable-column,saved,output/developer-adobe-com__commerce__frontend-core__ui-components__components__expandable-column.md,2026-07-01T18:29:45.514761+00:00
https://developer.adobe.com/commerce/frontend-core/ui-components/components/button,saved,output/developer-adobe-com__commerce__frontend-core__ui-components__components__button.md,2026-07-01T18:29:46.675708+00:00
https://developer.adobe.com/commerce/frontend-core/ui-components/components/secondary-ui-select,saved,output/developer-adobe-com__commerce__frontend-core__ui-components__components__secondary-ui-select.md,2026-07-01T18:29:47.712648+00:00
https://developer.adobe.com/commerce/frontend-core/ui-components/components/search,saved,output/developer-adobe-com__commerce__frontend-core__ui-components__components__search.md,2026-07-01T18:29:48.767882+00:00
https://developer.adobe.com/commerce/frontend-core/ui-components/components/bookmarks,saved,output/developer-adobe-com__commerce__frontend-core__ui-components__components__bookmarks.md,2026-07-01T18:29:49.799749+00:00
https://developer.adobe.com/commerce/frontend-core/ui-components/concepts/configuration-flow,saved,output/developer-adobe-com__commerce__frontend-core__ui-components__concepts__configuration-flow.md,2026-07-01T18:29:50.946964+00:00
https://developer.adobe.com/commerce/webapi/reference/graphql/saas/types-c-e,saved,output/developer-adobe-com__commerce__webapi__reference__graphql__saas__types-c-e.md,2026-07-01T18:29:51.972925+00:00
https://developer.adobe.com/commerce/webapi/reference/graphql/latest/types-f-i,saved,output/developer-adobe-com__commerce__webapi__reference__graphql__latest__types-f-i.md,2026-07-01T18:29:53.120967+00:00
https://developer.adobe.com/commerce/webapi/reference/graphql/saas/types-f-i,saved,output/developer-adobe-com__commerce__webapi__reference__graphql__saas__types-f-i.md,2026-07-01T18:29:54.259749+00:00
https://developer.adobe.com/commerce/webapi/graphql/schema/b2b/company/queries/is-company-user-email-available,saved,output/developer-adobe-com__commerce__webapi__graphql__schema__b2b__company__queries__is-company-user-email-available.md,2026-07-01T18:29:55.398221+00:00
https://developer.adobe.com/commerce/webapi/graphql/schema/b2b/company/queries/is-company-admin-email-available,saved,output/developer-adobe-com__commerce__webapi__graphql__schema__b2b__company__queries__is-company-admin-email-available.md,2026-07-01T18:29:56.544761+00:00
https://developer.adobe.com/commerce/webapi/reference/graphql/saas/types-q-s,saved,output/developer-adobe-com__commerce__webapi__reference__graphql__saas__types-q-s.md,2026-07-01T18:29:57.692662+00:00
https://developer.adobe.com/commerce/webapi/reference/graphql/saas/types-k-p,saved,output/developer-adobe-com__commerce__webapi__reference__graphql__saas__types-k-p.md,2026-07-01T18:29:58.834501+00:00
https://developer.adobe.com/commerce/webapi/graphql/schema/customer/mutations/create,saved,output/developer-adobe-com__commerce__webapi__graphql__schema__customer__mutations__create.md,2026-07-01T18:29:59.860522+00:00
https://developer.adobe.com/commerce/webapi/graphql/schema/uploads/mutations/initiate-upload,saved,output/developer-adobe-com__commerce__webapi__graphql__schema__uploads__mutations__initiate-upload.md,2026-07-01T18:30:00.894802+00:00
https://developer.adobe.com/commerce/webapi/graphql/schema/customer/mutations/update,saved,output/developer-adobe-com__commerce__webapi__graphql__schema__customer__mutations__update.md,2026-07-01T18:30:02.046086+00:00
https://developer.adobe.com/commerce/webapi/graphql/schema/customer/mutations/update-address-v2,saved,output/developer-adobe-com__commerce__webapi__graphql__schema__customer__mutations__update-address-v2.md,2026-07-01T18:30:03.192020+00:00
https://developer.adobe.com/commerce/webapi/graphql/schema/customer/mutations/delete-address-v2,saved,output/developer-adobe-com__commerce__webapi__graphql__schema__customer__mutations__delete-address-v2.md,2026-07-01T18:30:04.346279+00:00
https://developer.adobe.com/commerce/php/development/components/attributes,saved,output/developer-adobe-com__commerce__php__development__components__attributes.md,2026-07-01T18:30:05.499894+00:00
https://developer.adobe.com/commerce/frontend-core/guide/themes/debug,saved,output/developer-adobe-com__commerce__frontend-core__guide__themes__debug.md,2026-07-01T18:30:06.661828+00:00
https://developer.adobe.com/commerce/frontend-core/javascript/jquery-widgets/magnifier,saved,output/developer-adobe-com__commerce__frontend-core__javascript__jquery-widgets__magnifier.md,2026-07-01T18:30:07.824334+00:00
https://developer.adobe.com/commerce/webapi/graphql/schema/cart/mutations/place-order,saved,output/developer-adobe-com__commerce__webapi__graphql__schema__cart__mutations__place-order.md,2026-07-01T18:30:08.973243+00:00
https://developer.adobe.com/commerce/webapi/graphql/schema/checkout/queries/customer-payment-tokens,saved,output/developer-adobe-com__commerce__webapi__graphql__schema__checkout__queries__customer-payment-tokens.md,2026-07-01T18:30:10.000460+00:00
https://developer.adobe.com/commerce/webapi/graphql/schema/store/queries/store-config,saved,output/developer-adobe-com__commerce__webapi__graphql__schema__store__queries__store-config.md,2026-07-01T18:30:11.028515+00:00
https://developer.adobe.com/commerce/webapi/graphql/schema/checkout/mutations/delete-payment-token,saved,output/developer-adobe-com__commerce__webapi__graphql__schema__checkout__mutations__delete-payment-token.md,2026-07-01T18:30:12.366839+00:00
https://developer.adobe.com/commerce/webapi/graphql/schema/checkout/mutations/create-paypal-express-token,saved,output/developer-adobe-com__commerce__webapi__graphql__schema__checkout__mutations__create-paypal-express-token.md,2026-07-01T18:30:13.508831+00:00
https://developer.adobe.com/commerce/webapi/graphql/schema/checkout/mutations/create-payflow-pro-token,saved,output/developer-adobe-com__commerce__webapi__graphql__schema__checkout__mutations__create-payflow-pro-token.md,2026-07-01T18:30:14.664581+00:00
https://developer.adobe.com/commerce/webapi/graphql/schema/checkout/mutations/handle-payflow-pro-response,saved,output/developer-adobe-com__commerce__webapi__graphql__schema__checkout__mutations__handle-payflow-pro-response.md,2026-07-01T18:30:15.972900+00:00
https://developer.adobe.com/commerce/webapi/graphql/tutorials/checkout/apply-coupon,saved,output/developer-adobe-com__commerce__webapi__graphql__tutorials__checkout__apply-coupon.md,2026-07-01T18:30:17.339162+00:00
https://developer.adobe.com/commerce/webapi/rest/tutorials,saved,output/developer-adobe-com__commerce__webapi__rest__tutorials.md,2026-07-01T18:30:18.485501+00:00
https://developer.adobe.com/commerce/webapi/rest/tutorials/orders,saved,output/developer-adobe-com__commerce__webapi__rest__tutorials__orders.md,2026-07-01T18:30:19.585011+00:00
https://developer.adobe.com/commerce/webapi/graphql/schema/checkout/mutations/create-braintree-client-token,saved,output/developer-adobe-com__commerce__webapi__graphql__schema__checkout__mutations__create-braintree-client-token.md,2026-07-01T18:30:20.680037+00:00
https://developer.adobe.com/commerce/frontend-core/ui-components/components/hidden,saved,output/developer-adobe-com__commerce__frontend-core__ui-components__components__hidden.md,2026-07-01T18:30:21.831213+00:00
https://developer.adobe.com/commerce/frontend-core/ui-components/components/file,saved,output/developer-adobe-com__commerce__frontend-core__ui-components__components__file.md,2026-07-01T18:30:22.974033+00:00
https://developer.adobe.com/commerce/frontend-core/ui-components/components/email,saved,output/developer-adobe-com__commerce__frontend-core__ui-components__components__email.md,2026-07-01T18:30:24.293182+00:00
https://developer.adobe.com/commerce/frontend-core/ui-components/components/text,saved,output/developer-adobe-com__commerce__frontend-core__ui-components__components__text.md,2026-07-01T18:30:25.439396+00:00
https://developer.adobe.com/commerce/frontend-core/ui-components/concepts/data-source,saved,output/developer-adobe-com__commerce__frontend-core__ui-components__concepts__data-source.md,2026-07-01T18:30:26.472588+00:00
https://developer.adobe.com/commerce/frontend-core/ui-components/components/multiselect,saved,output/developer-adobe-com__commerce__frontend-core__ui-components__components__multiselect.md,2026-07-01T18:30:28.150225+00:00
https://developer.adobe.com/commerce/frontend-core/ui-components/components/html-content,saved,output/developer-adobe-com__commerce__frontend-core__ui-components__components__html-content.md,2026-07-01T18:30:29.290236+00:00
https://developer.adobe.com/commerce/frontend-core/ui-components/components/select,saved,output/developer-adobe-com__commerce__frontend-core__ui-components__components__select.md,2026-07-01T18:30:30.431358+00:00
https://developer.adobe.com/commerce/frontend-core/ui-components/components/multiline,saved,output/developer-adobe-com__commerce__frontend-core__ui-components__components__multiline.md,2026-07-01T18:30:31.458596+00:00
https://developer.adobe.com/commerce/frontend-core/ui-components/components/wysiwyg,error,HTTP 404,2026-07-01T18:30:32.614250+00:00
https://developer.adobe.com/commerce/frontend-core/ui-components/components/text-area,saved,output/developer-adobe-com__commerce__frontend-core__ui-components__components__text-area.md,2026-07-01T18:30:32.753735+00:00
https://developer.adobe.com/commerce/frontend-core/ui-components/components/file-uploader,saved,output/developer-adobe-com__commerce__frontend-core__ui-components__components__file-uploader.md,2026-07-01T18:30:33.902340+00:00
https://developer.adobe.com/commerce/frontend-core/ui-components/components/checkbox,saved,output/developer-adobe-com__commerce__frontend-core__ui-components__components__checkbox.md,2026-07-01T18:30:34.930944+00:00
https://developer.adobe.com/commerce/frontend-core/ui-components/components/action-delete,saved,output/developer-adobe-com__commerce__frontend-core__ui-components__components__action-delete.md,2026-07-01T18:30:36.076147+00:00
https://developer.adobe.com/commerce/frontend-core/ui-components/components/radio-set,saved,output/developer-adobe-com__commerce__frontend-core__ui-components__components__radio-set.md,2026-07-01T18:30:37.097805+00:00
https://developer.adobe.com/commerce/frontend-core/ui-components/components/input,saved,output/developer-adobe-com__commerce__frontend-core__ui-components__components__input.md,2026-07-01T18:30:38.251777+00:00
https://developer.adobe.com/commerce/frontend-core/ui-components/components/fieldset,saved,output/developer-adobe-com__commerce__frontend-core__ui-components__components__fieldset.md,2026-07-01T18:30:39.302396+00:00
https://developer.adobe.com/commerce/frontend-core/ui-components/components/checkbox-set,saved,output/developer-adobe-com__commerce__frontend-core__ui-components__components__checkbox-set.md,2026-07-01T18:30:40.441549+00:00
https://developer.adobe.com/commerce/admin-developer/pattern-library/displaying-data/datatable,saved,output/developer-adobe-com__commerce__admin-developer__pattern-library__displaying-data__datatable.md,2026-07-01T18:30:41.596223+00:00
https://developer.adobe.com/commerce/admin-developer/pattern-library/displaying-data/filters,saved,output/developer-adobe-com__commerce__admin-developer__pattern-library__displaying-data__filters.md,2026-07-01T18:30:43.092425+00:00
https://developer.adobe.com/commerce/frontend-core/ui-components/concepts/modifier,saved,output/developer-adobe-com__commerce__frontend-core__ui-components__concepts__modifier.md,2026-07-01T18:30:44.245044+00:00
https://developer.adobe.com/commerce/frontend-core/ui-components/concepts/xml-declaration,saved,output/developer-adobe-com__commerce__frontend-core__ui-components__concepts__xml-declaration.md,2026-07-01T18:30:45.385746+00:00
https://developer.adobe.com/commerce/webapi/graphql/schema/uploads,saved,output/developer-adobe-com__commerce__webapi__graphql__schema__uploads.md,2026-07-01T18:30:46.416569+00:00
https://developer.adobe.com/commerce/webapi/graphql/schema/uploads/mutations/finish-upload,saved,output/developer-adobe-com__commerce__webapi__graphql__schema__uploads__mutations__finish-upload.md,2026-07-01T18:30:47.676925+00:00
https://developer.adobe.com/commerce/php/development/components/declarative-schema/patches,saved,output/developer-adobe-com__commerce__php__development__components__declarative-schema__patches.md,2026-07-01T18:30:48.824268+00:00
https://developer.adobe.com/commerce/frontend-core/guide/templates/walkthrough,saved,output/developer-adobe-com__commerce__frontend-core__guide__templates__walkthrough.md,2026-07-01T18:30:49.843640+00:00
https://developer.adobe.com/commerce/webapi/graphql/schema/orders/queries/guest-order-by-token,saved,output/developer-adobe-com__commerce__webapi__graphql__schema__orders__queries__guest-order-by-token.md,2026-07-01T18:30:51.234584+00:00
https://developer.adobe.com/commerce/webapi/graphql/schema/cart/mutations/set-guest-email,saved,output/developer-adobe-com__commerce__webapi__graphql__schema__cart__mutations__set-guest-email.md,2026-07-01T18:30:52.391178+00:00
https://developer.adobe.com/commerce/php/development/payments-integrations/vault,error,HTTP 404,2026-07-01T18:30:53.416892+00:00
https://developer.adobe.com/commerce/webapi/graphql/schema/cart/mutations/remove-coupon,saved,output/developer-adobe-com__commerce__webapi__graphql__schema__cart__mutations__remove-coupon.md,2026-07-01T18:30:53.548110+00:00
https://developer.adobe.com/commerce/webapi/graphql/tutorials/checkout/add-product-to-cart,saved,output/developer-adobe-com__commerce__webapi__graphql__tutorials__checkout__add-product-to-cart.md,2026-07-01T18:30:54.586034+00:00
https://developer.adobe.com/commerce/webapi/rest/tutorials/bulk-configurable-product,saved,output/developer-adobe-com__commerce__webapi__rest__tutorials__bulk-configurable-product.md,2026-07-01T18:30:55.621452+00:00
https://developer.adobe.com/commerce/webapi/rest/tutorials/configurable-product,saved,output/developer-adobe-com__commerce__webapi__rest__tutorials__configurable-product.md,2026-07-01T18:30:56.679641+00:00
https://developer.adobe.com/commerce/webapi/rest/tutorials/grouped-product,saved,output/developer-adobe-com__commerce__webapi__rest__tutorials__grouped-product.md,2026-07-01T18:30:57.745455+00:00
https://developer.adobe.com/commerce/webapi/rest/quick-reference/generate-local,saved,output/developer-adobe-com__commerce__webapi__rest__quick-reference__generate-local.md,2026-07-01T18:30:58.817391+00:00
https://developer.adobe.com/commerce/webapi/rest/tutorials/inventory,saved,output/developer-adobe-com__commerce__webapi__rest__tutorials__inventory.md,2026-07-01T18:30:59.841304+00:00
https://developer.adobe.com/commerce/frontend-core/ui-components/components/dynamic-rows,saved,output/developer-adobe-com__commerce__frontend-core__ui-components__components__dynamic-rows.md,2026-07-01T18:31:01.036296+00:00
https://developer.adobe.com/commerce/php/tutorials/admin/custom-product-creation-form,error,HTTP 404,2026-07-01T18:31:02.206275+00:00
https://developer.adobe.com/commerce/frontend-core/javascript/requirejs,saved,output/developer-adobe-com__commerce__frontend-core__javascript__requirejs.md,2026-07-01T18:31:02.345995+00:00
https://developer.adobe.com/commerce/webapi/graphql/schema/attributes/interfaces,saved,output/developer-adobe-com__commerce__webapi__graphql__schema__attributes__interfaces.md,2026-07-01T18:31:03.372711+00:00
https://developer.adobe.com/commerce/php/development/components/declarative-schema/configuration,saved,output/developer-adobe-com__commerce__php__development__components__declarative-schema__configuration.md,2026-07-01T18:31:04.570658+00:00
https://developer.adobe.com/commerce/frontend-core/guide/templates/override,saved,output/developer-adobe-com__commerce__frontend-core__guide__templates__override.md,2026-07-01T18:31:05.611656+00:00
https://developer.adobe.com/commerce/webapi/graphql/schema/cart/mutations/add-downloadable-products,saved,output/developer-adobe-com__commerce__webapi__graphql__schema__cart__mutations__add-downloadable-products.md,2026-07-01T18:31:06.635411+00:00
https://developer.adobe.com/commerce/webapi/graphql/schema/products/interfaces/types,saved,output/developer-adobe-com__commerce__webapi__graphql__schema__products__interfaces__types.md,2026-07-01T18:31:07.672006+00:00
https://developer.adobe.com/commerce/webapi/rest/inventory,saved,output/developer-adobe-com__commerce__webapi__rest__inventory.md,2026-07-01T18:31:08.737581+00:00
https://developer.adobe.com/commerce/frontend-core/javascript/custom,saved,output/developer-adobe-com__commerce__frontend-core__javascript__custom.md,2026-07-01T18:31:09.835329+00:00
https://developer.adobe.com/commerce/php/development/security/content-security-policies,saved,output/developer-adobe-com__commerce__php__development__security__content-security-policies.md,2026-07-01T18:31:10.868673+00:00
https://developer.adobe.com/commerce/webapi/reference/graphql/saas/types-a-b,saved,output/developer-adobe-com__commerce__webapi__reference__graphql__saas__types-a-b.md,2026-07-01T18:31:11.908927+00:00
https://developer.adobe.com/commerce/contributor/guides/install/clone-repository,saved,output/developer-adobe-com__commerce__contributor__guides__install__clone-repository.md,2026-07-01T18:31:13.053221+00:00
https://developer.adobe.com/commerce/php/development/components/declarative-schema/migration-scripts,saved,output/developer-adobe-com__commerce__php__development__components__declarative-schema__migration-scripts.md,2026-07-01T18:31:14.073978+00:00
https://developer.adobe.com/commerce/webapi/graphql/schema/products/interfaces/routable,saved,output/developer-adobe-com__commerce__webapi__graphql__schema__products__interfaces__routable.md,2026-07-01T18:31:15.107397+00:00
https://developer.adobe.com/commerce/contributor/guides/install/update-dependencies,saved,output/developer-adobe-com__commerce__contributor__guides__install__update-dependencies.md,2026-07-01T18:31:16.259016+00:00
https://developer.adobe.com/commerce/webapi/graphql/schema/store/queries/cms-page,saved,output/developer-adobe-com__commerce__webapi__graphql__schema__store__queries__cms-page.md,2026-07-01T18:31:17.415814+00:00
https://developer.adobe.com/commerce/webapi/graphql/schema/products/queries/category-list,saved,output/developer-adobe-com__commerce__webapi__graphql__schema__products__queries__category-list.md,2026-07-01T18:31:18.561989+00:00
https://developer.adobe.com/commerce/webapi/graphql/schema/products/queries/route,saved,output/developer-adobe-com__commerce__webapi__graphql__schema__products__queries__route.md,2026-07-01T18:31:19.587463+00:00
https://developer.adobe.com/commerce/webapi/graphql/schema/store/queries/cms-blocks,saved,output/developer-adobe-com__commerce__webapi__graphql__schema__store__queries__cms-blocks.md,2026-07-01T18:31:20.973032+00:00
https://developer.adobe.com/commerce/webapi/graphql/schema/products/queries/categories,saved,output/developer-adobe-com__commerce__webapi__graphql__schema__products__queries__categories.md,2026-07-01T18:31:22.126869+00:00
https://developer.adobe.com/commerce/webapi/graphql/usage/security-configuration,saved,output/developer-adobe-com__commerce__webapi__graphql__usage__security-configuration.md,2026-07-01T18:31:23.295931+00:00
https://developer.adobe.com/commerce/webapi/get-started/api-security,saved,output/developer-adobe-com__commerce__webapi__get-started__api-security.md,2026-07-01T18:31:24.320732+00:00
